,0,1,2,3,4,5,6,7,8,9,10,11,12,13,14,15,16,17,18,19
0,0.045576607961,0.0412433828345,0.0330172843336,0.042190909974,0.0747686106557,0.0163521149024,0.0682721538159,0.0116558774069,0.06209087208,0.0368094150116,0.0413773831415,0.042974239696,0.0193166868616,0.0234501534214,0.0870478640608,0.0659648269901,0.141321436818,0.0771897634021,0.0377603321795,0.0316200844529
1,0.0138029713164,0.0481568942632,0.0365669975576,0.0419517384206,0.087908496219,0.0270680704262,0.0607638146453,0.0173560359533,0.0549187465388,0.0305943615013,0.0452072410572,0.0565331568933,0.0204265264944,0.0331341782867,0.0475125290188,0.0552428830714,0.133172713594,0.0891269671186,0.0584492476391,0.0421064299847
2,0.0175493823689,0.0464465072912,0.0362845201979,0.0330938953128,0.0914435580674,0.0213547777161,0.0644660729609,0.0191142937978,0.052199051067,0.0194290657566,0.0505796359247,0.0739547053947,0.0346369348469,0.0217190984977,0.0605187250213,0.0615466981048,0.115045603397,0.075822062246,0.0574651506567,0.0473302613736
3,0.0510161979771,0.0473012202325,0.0279888213091,0.0242482576054,0.0759668907302,0.0110704861886,0.0550728390315,0.00354534958831,0.0612991025845,0.0367447961501,0.0434992238151,0.0706129847549,0.0221030576603,0.0424920456428,0.0776727027458,0.059950512133,0.125692868405,0.0757416441772,0.0469830235241,0.0409979757447
4,0.0384410663433,0.0474295439059,0.0506456676923,0.0389169754769,0.0859502275568,0.0201908570662,0.053473619889,0.023964673151,0.0535129130376,0.019914001507,0.0489889259105,0.0604834864915,0.0154101420897,0.019258625891,0.06949907053,0.0699951981649,0.125042079226,0.0691586431945,0.0374752924302,0.0522489904457
5,0.0324117942563,0.0553321456973,0.0332253367942,0.0393657297199,0.0898282449425,0.0201551302668,0.0729462600998,0.0133381837063,0.0473047773324,0.0239419888885,0.0426314222184,0.0482871792578,0.0296421445986,0.0256565291201,0.0656615156378,0.0698028498913,0.128979858956,0.0719831230394,0.0457039428834,0.0438018426934
6,0.0205289788292,0.0390760121393,0.0377656459945,0.037721941126,0.0798016772115,0.0274243453454,0.0674657309148,0.0224344678905,0.0628306106364,0.030991270063,0.0426317565796,0.0612027857258,0.0192430802337,0.0259234261276,0.0783710419337,0.0732750953155,0.10784847269,0.0876424191429,0.037141775618,0.0406794664821
7,0.015474124859,0.0465023618124,0.045505583167,0.0291655998151,0.0672902117852,0.0281260752864,0.0665723386666,0.00629337926412,0.0678080945896,0.0208061859663,0.0437098793387,0.0648072761399,0.0305720256796,0.0353121742034,0.0671362295503,0.0629310322732,0.126187757467,0.0916281884812,0.0452908713079,0.0388806103476
8,0.0359967923468,0.0425730036373,0.0483500677195,0.0277392232025,0.0757084667562,0.0217001505199,0.0600397076527,0.0114483967914,0.0578425756982,0.0272186750123,0.0393405759047,0.0640385125242,0.0245268964422,0.034212238083,0.0819674201739,0.0658323488526,0.125230612701,0.078217501838,0.0413214764429,0.0366953577009
9,0.0205882743058,0.0468392005598,0.0531449299511,0.0344437794763,0.0831286044129,0.0327403457759,0.0638437043103,0.0160233049971,0.0578181109741,0.0224581157347,0.045052947242,0.0816816745672,0.0252574348413,0.030208166643,0.0548406377328,0.0631454440694,0.0950184175605,0.0771958332895,0.055713065338,0.0408580082185
10,0.0205901930262,0.0360502862092,0.0481442829062,0.0326248433172,0.0911399934637,0.0278929035112,0.0588547736923,0.017527678458,0.0584483902885,0.0178182865011,0.0465487843501,0.0466250618205,0.0277971626312,0.0322016789027,0.0653512750361,0.0702975350001,0.113822077257,0.0962883919552,0.0439035822185,0.0480728194554
11,0.0428490887359,0.0218937396619,0.0347804970112,0.0188263489714,0.07543016965,0.0234904260957,0.0588439554385,0.0121520944044,0.0573078053338,0.0238124686252,0.0426327545737,0.0551077605298,0.0268934165515,0.0403742947036,0.095235947635,0.0668262048282,0.131195073551,0.0858006257985,0.0516759359366,0.0348713919639
12,0.0197004602854,0.0420531104073,0.0406082095462,0.0276163843714,0.095590377365,0.020407889632,0.0788410332822,0.0186445033783,0.0644397827122,0.010914947006,0.0266342189394,0.0400350166058,0.0384471704259,0.0370709262644,0.0698579565049,0.0779888858323,0.11925168505,0.0881058555038,0.044158603657,0.0396329832302
13,0.0250507142686,0.04010881294,0.0422180767674,0.0272625937365,0.0926747582559,0.0188508896719,0.0652712254918,0.0307998263689,0.0526524488859,0.0184271845712,0.0467030200463,0.0659327723591,0.0300650213627,0.0417741449964,0.0686058724454,0.0600337552594,0.126141966435,0.0627967670884,0.0352903478709,0.0493398011781
14,0.0278220067523,0.0345731925114,0.0453428847557,0.021684211129,0.092972809521,0.0190591219044,0.0598423174342,0.0309968277212,0.0585948594211,0.020555164401,0.0255475658462,0.0662606582483,0.031908678671,0.0425210345227,0.0691496331126,0.0702284415787,0.117250907059,0.0690775788199,0.048333871651,0.0482782349391
15,0.0254509492605,0.0359612774531,0.0388975611622,0.0350183683407,0.0739954686005,0.0250556516676,0.0613188620121,0.0242752048187,0.0547648138594,0.0130195271586,0.0332634118927,0.0707130550964,0.0446529294514,0.045131420147,0.0727652173507,0.0605203487457,0.114757511428,0.0808210983792,0.0415672517953,0.0480500713799
16,0.0336310041102,0.051609642301,0.0544646398161,0.0289216531288,0.0683569716516,0.0189546072272,0.0718814612731,0.0146275492103,0.0662003528463,0.0241553911435,0.031712306304,0.0607974022115,0.0325815359239,0.0470604748876,0.0751174817595,0.0610012448907,0.117000389034,0.065055045301,0.0361916488454,0.0406791981346
17,0.0126445401356,0.0453062389513,0.0567015030184,0.0378283906534,0.065953382703,0.0211417823749,0.0612595092591,0.0190389133452,0.0497239908215,0.0183869589264,0.0452729906211,0.0490581551009,0.0368905872894,0.0364561586194,0.067746739041,0.0844276992521,0.120331377443,0.0861399280952,0.0416888032083,0.0440023511411
18,0.0324559932926,0.0372950004978,0.0536239266125,0.028996531932,0.0751030784066,0.0275293080137,0.0548018852647,0.0151641279122,0.0766857662617,0.0207344665935,0.0576515482377,0.0521251015208,0.0241216917772,0.0258280623412,0.0574802095659,0.0832630733088,0.113283181466,0.0776639912322,0.0471576258324,0.0390354299302
19,0.0482416640855,0.0370486006966,0.0608804477843,0.0353285389837,0.0685098335858,0.0199958495422,0.0432374147745,0.00665519843961,0.061250122368,0.0264765060201,0.0340208752371,0.0608715174045,0.023694996294,0.0309985056941,0.0906098876668,0.0708743818985,0.133325390997,0.0806848112661,0.0400842566183,0.0272112006432
20,0.0216410184622,0.0359685399866,0.0404285869212,0.0251013656722,0.0840818708748,0.0194643325957,0.0573333972307,0.00744687867427,0.0619303765385,0.0233681248135,0.0387975948847,0.0543750450553,0.0312592109861,0.0271526346689,0.0699649908818,0.0839057294963,0.150072456838,0.0919965932605,0.0329353598386,0.0427758923198
21,0.0230416622039,0.0423706689209,0.0346478097145,0.0327837983804,0.0833145161331,0.0257788694083,0.0501610897649,0.00994218062234,0.0684099540981,0.0273020539428,0.0423552933951,0.0541879619965,0.0369944963189,0.0231429212107,0.0682348715507,0.0728363653402,0.138915345074,0.0829329919936,0.0457792985598,0.0368678513712
22,0.0140140554392,0.0473575453501,0.045293485744,0.0332750358966,0.0696539429145,0.0174358437786,0.067479206673,0.0108018368266,0.058065963246,0.0289045273273,0.0507260158244,0.066703409379,0.0355423721806,0.0242799424655,0.0620482907643,0.0667113476189,0.130944693936,0.082627661039,0.0547805762127,0.0333542473833
23,0.0205085546943,0.0548808786231,0.0485299513506,0.0416034506474,0.0884284196214,0.0181251820304,0.0509498992493,0.0185883302504,0.0607702479276,0.0239136513087,0.0477243390525,0.0555800443555,0.027734155468,0.0251891603134,0.0520219112942,0.0696928016791,0.135429684975,0.09162881708,0.0321486820643,0.036551838015
24,0.0476366905728,0.0378986908061,0.0453192201086,0.0372600261482,0.0788249385132,0.0189954465048,0.0514093591991,0.0160482239167,0.0588523709514,0.0282825676374,0.044321873205,0.0510494889674,0.0240536250815,0.0311953330789,0.082700631623,0.0691663812914,0.138371412099,0.0708341193035,0.0342843130433,0.0334952879488
25,0.00893139302847,0.0371407837427,0.0530304977521,0.0393478590954,0.0772549490631,0.0260826024689,0.0557204513235,0.0103860298623,0.0656378518711,0.0238019081863,0.0547027445281,0.0538116760295,0.0378716819927,0.025792166539,0.0596746195325,0.0808791365353,0.127518384777,0.0867645580787,0.0388557366068,0.036794968986
26,0.0210185235856,0.0543997150057,0.0468551000614,0.029318789208,0.083434810259,0.0234102689852,0.0628782290671,0.0212337573963,0.0601708687213,0.0177008185592,0.0372718105814,0.0573157666549,0.0394922220457,0.0311576950795,0.0611838278592,0.067609740198,0.122569392541,0.0834323241102,0.0342315446477,0.0453147954332
27,0.05625637933,0.0414902415897,0.0341268445236,0.0209891484536,0.063458735239,0.0256011399896,0.0460671875003,0.0102875065006,0.0552677896112,0.0277747326424,0.0372894839727,0.0680801001006,0.0313500299988,0.0423699471137,0.0908503439729,0.0585510863325,0.120705004837,0.0940352197663,0.0346367643234,0.0408123142018
28,0.0183343230573,0.0458193950357,0.0400926286411,0.0284321791597,0.0830181287363,0.0189293821495,0.0710726992483,0.0208005766746,0.059052497163,0.0263349343803,0.0405424392672,0.0610266890876,0.0317851794671,0.0351268209804,0.0753250824456,0.0546116971353,0.126516446498,0.0880787483755,0.0384430134216,0.0366571390759
29,0.0150006947644,0.0322673243061,0.0420293258246,0.0321094523625,0.0780935259495,0.0280802216025,0.0599785011536,0.0220608768088,0.055609469734,0.026182901825,0.0428884771962,0.0629427067002,0.028437764729,0.0317312988889,0.0660395199767,0.0741072228937,0.14716182693,0.0904022677985,0.0390255756769,0.0258510448791
30,0.0282433054623,0.026404218051,0.0469843359665,0.0368079557627,0.0771822751024,0.0307561060472,0.0608942365925,0.0120511578808,0.0581477262974,0.032385714518,0.0340412094254,0.0494430604439,0.0310403824521,0.0175948709838,0.0692812207379,0.0718427680507,0.144262625599,0.0878107802743,0.0540157908707,0.030810259481
31,0.022034883547,0.0345048571661,0.0577966481915,0.0477865556281,0.087572526007,0.033980780269,0.0568847121823,0.0228375712764,0.0575725443412,0.0194556331306,0.0389697911606,0.0547843868922,0.0248047672792,0.0273074866196,0.0635032567359,0.0706473650748,0.1240073478,0.0789712423243,0.0414141945346,0.03516344984
32,0.0503456928055,0.0479995537999,0.0400298815963,0.0335162182293,0.0789710601344,0.0260016455666,0.054691600745,0.01074518798,0.0639588789677,0.0199969569127,0.0341861667951,0.05954982743,0.0239045731131,0.0341784136668,0.0832827176553,0.0537340966069,0.109762130899,0.0872655129184,0.0559234039393,0.0319564802388
33,0.0133858535501,0.0498629376632,0.0396395519894,0.0423609191891,0.0668512894225,0.0306022586924,0.0632519828548,0.00974433561556,0.0703477170296,0.0154932789903,0.0463314539016,0.0648115321452,0.0303180705941,0.0325454684872,0.0548064362529,0.0525056348621,0.128595531609,0.087270377203,0.0535170664891,0.0477583034584
34,0.0278980883576,0.0521193743753,0.0469625502594,0.0382927715145,0.0879674583745,0.0185743348267,0.0623376003074,0.0175766064204,0.0696990085832,0.020567308265,0.0384686902339,0.0594943703666,0.0304275387424,0.0293741052942,0.0658662653126,0.0669276639177,0.12268727148,0.073446004856,0.0315101154086,0.0398028731037
35,0.0499705297228,0.0398371670997,0.0369003973575,0.036706423556,0.0673849628104,0.0209399733707,0.0583532284124,0.0141146159659,0.0667884490222,0.0278592906046,0.0382873877367,0.0698713006648,0.0266640685583,0.0322539367017,0.0780149125893,0.0529079922565,0.126562353532,0.0834903715207,0.0350629660977,0.0380296724208
36,0.0188426901341,0.0493603505379,0.0297025403207,0.0347615098795,0.0892328778484,0.0280925927312,0.0469920067193,0.00989364254009,0.067046731904,0.0360467603431,0.0472677547936,0.0607971677893,0.0304623249261,0.0309749548823,0.0644057290706,0.0650329556773,0.134796225842,0.0740000075265,0.0417952207362,0.040495955798
37,0.0209815649681,0.04526123209,0.0358389772404,0.043354376302,0.103082362409,0.0423654971814,0.0614185647244,0.0142536962347,0.0623408925158,0.0370947117543,0.0383767605859,0.0577185621647,0.02417478367,0.0317916681921,0.052120455232,0.0466918063735,0.146048599465,0.0619338817356,0.0361440785966,0.0390075285642
38,0.0229739954082,0.029112592257,0.028181765629,0.0398886929511,0.105713583766,0.045805476337,0.0658909824997,0.0165153229028,0.0550886999174,0.0313193186244,0.0439575760599,0.0465879673676,0.0303946441965,0.0352402892686,0.0645228930938,0.0593832662295,0.129269180128,0.0732667470865,0.0413623611946,0.0355246450819
39,0.0274437343705,0.027027679301,0.0255513437421,0.0301346058807,0.117264314154,0.0512679566699,0.0735272168037,0.0110549184223,0.0433741198446,0.0216934826742,0.0463237539107,0.0546818756642,0.0239123049972,0.0405627617718,0.0650114617784,0.0571554552459,0.122705937602,0.0727316870148,0.0603088102256,0.0282665799265
40,0.0471070959974,0.0283793349901,0.0262634136558,0.0283947163688,0.102903451972,0.0383292031477,0.059296214546,0.0109945595722,0.0495718861861,0.0360116070218,0.0352139804409,0.0543999488525,0.0266022955227,0.0306463348041,0.0700543932158,0.0655971039163,0.138103681515,0.0761800422156,0.0407002483749,0.0352504876845
41,0.0193626208387,0.0281951986581,0.0337858756174,0.0427738340608,0.105026723646,0.0480426719298,0.0590823066218,0.00382693946662,0.0562774314736,0.0305471432259,0.0382218280389,0.0625783923625,0.0243533066627,0.0282225625295,0.0671184090165,0.0688254123243,0.117848337504,0.083568322876,0.0456401919695,0.0367024911776
42,0.0298953110213,0.0304591568116,0.0345197682936,0.0369831749499,0.107950294117,0.0550167208435,0.0706938371714,0.00619386800908,0.0503501951395,0.0341444137264,0.0426307342271,0.0541779494071,0.0248266553597,0.0231159536067,0.0650056624328,0.083958606496,0.102149666337,0.0664538977466,0.046044306853,0.0354298274511
43,0.0471860883998,0.0282821588055,0.0329644027055,0.0247112458096,0.0867436479022,0.0328053503085,0.0535599230275,0.0224136420709,0.0673390064993,0.0307686297371,0.0338125028532,0.054458093501,0.0227340848086,0.0367068090476,0.0769569776601,0.0682512058113,0.122452563403,0.068164377449,0.0484068196955,0.0412824705047
44,0.0231808351552,0.0217460451506,0.0416664530556,0.0414420714116,0.100511947921,0.0497560875253,0.0436824282264,0.00950645905409,0.0821410135829,0.0234682676583,0.0431989032157,0.0457210841181,0.029146660035,0.0296819141907,0.0608617500205,0.0875716200109,0.10245219736,0.0764673496241,0.0399432534084,0.0478536592759
45,0.019623327624,0.0366410479044,0.0439416445864,0.0245082943522,0.115840134493,0.0570726442272,0.0480198564621,0.00283396814593,0.0464254709823,0.0372539742445,0.0603747722295,0.0324402144581,0.0253428562411,0.0198755392547,0.0663337240404,0.0695185237986,0.109877346868,0.0944589306627,0.0422527854567,0.0473649439681
46,0.0183175332092,0.0295711254761,0.0471371975298,0.0314916859123,0.0990331710363,0.0602040674674,0.0493700385805,0.00819019821719,0.0633298031621,0.0409773717952,0.0414962670183,0.0292448313757,0.0216173331748,0.0232752099829,0.0605746908754,0.0619663059986,0.154622769998,0.0750388024479,0.0451969587379,0.039344638004
47,0.0262795732738,0.0310786122336,0.0316633739916,0.0395057990379,0.091551623876,0.0369930920566,0.0555235034533,0.0191834743288,0.0608060970962,0.0229308353245,0.0376629775883,0.0477863212681,0.0309862335396,0.0313817808321,0.075926729876,0.063737502537,0.124400430371,0.0795307608417,0.0433763047664,0.0496949737072
48,0.0484943092255,0.0266802742869,0.0425297837907,0.0273661518233,0.0808457337088,0.0447968818963,0.0585155418798,0.0116205583594,0.0589382107446,0.0290382983358,0.0423163545532,0.0641076802715,0.0178510935596,0.0306581725128,0.0777148377853,0.0614687170662,0.105060389121,0.0891437912052,0.0432974301253,0.0395557897491
49,0.0219067509235,0.0373452356059,0.0526124266106,0.0431354625356,0.0817095181297,0.041795507155,0.0537986552599,0.016065980537,0.0662083454658,0.0221058951612,0.0495840427462,0.0632386693428,0.0341499100452,0.025708337477,0.066394342581,0.0569402552339,0.107061785742,0.0693461391442,0.0480463021345,0.0428464381693
50,0.0279519447229,0.0326686130707,0.0381709268322,0.0392036746415,0.0765669305401,0.0452825541926,0.0659072122265,0.0108135345648,0.0620513356541,0.0233944018996,0.0506873452938,0.0549618806537,0.0304701712392,0.0388391526883,0.0634256463054,0.0572978567646,0.123855560625,0.0881067586551,0.0324250792008,0.0379194202288
51,0.0462389772425,0.032391219207,0.0320371500879,0.0369281613558,0.0897748222273,0.0383032371422,0.0556470524645,0.0132178235026,0.0571761291474,0.025429071703,0.0521261718024,0.0693425032611,0.0289190154746,0.0292614592329,0.0808716971056,0.0488590467929,0.130253022465,0.0633827656894,0.0377633302698,0.0320773438261
52,0.0212629699017,0.0384646532027,0.0374382624739,0.0394580953331,0.0995595080339,0.0400030955385,0.0507970516326,0.0174406906294,0.0754235906409,0.0231375863512,0.0541143833923,0.0499925754067,0.0252704252917,0.028823764497,0.0520394220022,0.0736655414969,0.143222939344,0.0594024809937,0.0339150769393,0.0365678868978
53,0.0201888402496,0.0327421960016,0.0407738590548,0.0276900469187,0.0917817030194,0.0405773767978,0.058841779286,0.0297716019639,0.0605155565824,0.0239147453916,0.0454699095479,0.0648997505555,0.0264073473061,0.0297040682154,0.0627705905101,0.0637906911412,0.134304852124,0.0741217608931,0.0353012114966,0.0364321129444
54,0.0246472138351,0.0596201684094,0.0508103489143,0.0423425802307,0.0965128723393,0.0341680973865,0.0487249335492,0.0200565334977,0.055063795054,0.0306719854096,0.0371950014536,0.0479598952484,0.024502944767,0.0343677959671,0.0575931555296,0.0482828625812,0.126708323301,0.0768203119145,0.0401833590106,0.0437678216011
55,0.042590943266,0.0467755414587,0.0344165072605,0.0166154734762,0.0824077783313,0.0431679707608,0.055036270072,0.0138434712165,0.0660651097762,0.0240422104184,0.0457941828756,0.0424377234366,0.0349764661234,0.0430576715947,0.0623464851936,0.0451006750604,0.137146673263,0.0751088755308,0.041919937324,0.0471500335607
56,0.0342639217003,0.0407562909185,0.0370335286088,0.0261496019227,0.0835405415214,0.0248093965911,0.0544139921527,0.019019500308,0.0762808892766,0.0315229599367,0.0406263263907,0.0590137013851,0.0235607480062,0.0393596514702,0.0788252649901,0.0527995454252,0.116009611712,0.0942341790479,0.0283568617953,0.0394234868398
57,0.0165933231195,0.0465211527196,0.0409232469738,0.0547990644029,0.0940941289613,0.0309179884218,0.0463137763213,0.016799673449,0.0903258178852,0.0175083207185,0.0495673469196,0.0465720756268,0.0306542953639,0.0367631110061,0.0541799730276,0.04907416579,0.136102928283,0.0653156327395,0.0353486013563,0.0416253769144
58,0.00864377832139,0.0517770736627,0.0382582288861,0.0459579260358,0.0862590830554,0.0310730299785,0.0412909016545,0.0210954917817,0.0944377835709,0.0250000181365,0.0400415923648,0.0454304856922,0.0471711809885,0.0319103540619,0.060393900664,0.0599750470852,0.114851637964,0.0749476303639,0.0458547640633,0.0356300916684
59,0.0358188265517,0.0513058534344,0.0385216219987,0.0429235941806,0.0998897899192,0.0282271295324,0.0505550592183,0.0209515518893,0.0750086736042,0.0208197777951,0.0279492651231,0.0526600445714,0.0252579526039,0.0323388530617,0.0566676140067,0.0475935838971,0.14413201426,0.0907633883451,0.0236586640604,0.0349567419469
60,0.00972951463537,0.0349085713752,0.0491397896494,0.0593103842088,0.0933231843741,0.0238825757148,0.0533300856148,0.0350834498612,0.101921847102,0.0231958514619,0.0496341255851,0.0521399263006,0.0278231257551,0.0240379925014,0.0524248158598,0.0521975006082,0.114335880673,0.097615184534,0.0197086309418,0.0262575632435
61,0.0193086555994,0.0318634867304,0.0263515251982,0.0319086179868,0.113017828245,0.0280714136423,0.039717748364,0.0284395143271,0.082344935197,0.0274867488627,0.036933257158,0.0563769097689,0.0338214578823,0.029039813333,0.0635992374275,0.0482009947185,0.136826582723,0.0982787216496,0.0348441122325,0.033568438954
62,0.0253903060681,0.0525645974717,0.0360780753905,0.0351812130202,0.110621006753,0.0251722232432,0.0607714039549,0.0235848540698,0.0680805396746,0.0287243741015,0.0343844205131,0.0558384252744,0.022387515232,0.0185743110134,0.0714416451292,0.048768075815,0.125692925328,0.086985023084,0.0376930110288,0.0320660538348
63,0.0194766576806,0.0404924896537,0.0546557629461,0.0345329995018,0.0901494922529,0.028203317611,0.050502052103,0.0234600439007,0.0586105757859,0.0356713718018,0.0375444899099,0.0447960185996,0.0273922787285,0.0411912832594,0.0591830427864,0.0669661822883,0.144547191318,0.0654191784387,0.0322622403161,0.0449433311178
64,0.0225053325572,0.044896827226,0.0450434103106,0.0487946031721,0.0721213097588,0.0220406833099,0.0556536632429,0.0172480156852,0.0780629305504,0.0375722301342,0.0447915903034,0.0402941220786,0.0277328230156,0.0255831380487,0.0479820705669,0.0963094125459,0.113988160717,0.0888687526117,0.0237429316888,0.0467679924761
65,0.0151254587933,0.0375927089379,0.0412259776611,0.0500736727757,0.0996954843578,0.0307909308481,0.0542320565547,0.0283647683096,0.0922904838574,0.035451290761,0.0320876901447,0.0370484832485,0.0243852193257,0.0305234953145,0.0456557351316,0.0813861822075,0.10262809841,0.0877118848518,0.0367110434024,0.0370193351071
66,0.0149924430752,0.0377980146973,0.0500340464998,0.0460899438176,0.0807932113752,0.0189293601576,0.0694285840857,0.0219062406071,0.0820247991024,0.0410671525964,0.032082138742,0.0603920352182,0.0237934296774,0.0272105328998,0.0506981955003,0.0862955061996,0.10996776859,0.0782960383089,0.0325250493161,0.0356755095339
67,0.0233856295214,0.0266998662242,0.042621697661,0.0384744780233,0.0914539419099,0.0249491773031,0.0714420915579,0.0116367233734,0.0735479765141,0.0379390793884,0.0330543538052,0.0486955205424,0.0251545792643,0.0283967031348,0.0507208350472,0.0821166279534,0.110980003014,0.0922294248073,0.0288810255007,0.0576202654545
68,0.0125630482972,0.037296204502,0.0482241283928,0.0386467415056,0.101424358963,0.0272908506622,0.0650743122542,0.0200271052282,0.0750776627044,0.040636356146,0.0432479954625,0.0393378604383,0.0367047380298,0.0241301337885,0.0481086872539,0.103108051335,0.10277044197,0.0779424251002,0.0368352051195,0.0215536928469
69,0.0119628628284,0.0289722236124,0.040832028819,0.0585167137162,0.0951174708318,0.0378174164269,0.0498791512987,0.0294694423022,0.0709604319157,0.0298770941899,0.0535753717636,0.039620443188,0.0326603808293,0.0296887646194,0.0490125471611,0.0843895709204,0.103784399801,0.0747907378805,0.0384561781006,0.0406167697947
70,0.0221921789601,0.0322254609863,0.0664308680658,0.0373622010701,0.0933275630847,0.0229900182242,0.053449296829,0.0278948286065,0.0713302810424,0.0355747767023,0.0278220729047,0.0486846252321,0.0301086260187,0.0335195966401,0.0349772208338,0.0834920248106,0.0890457254397,0.0991492096302,0.0431315665569,0.0472918583619
71,0.0237189519601,0.047656467804,0.0573885764399,0.0442640181587,0.0866739044062,0.0261663765757,0.0406042897381,0.019983313169,0.0841123017977,0.0322656659894,0.0378447466042,0.0484652253671,0.0162665103966,0.0306716044283,0.0344603787234,0.0954089095918,0.105505347709,0.0905485347663,0.0279356054164,0.0500592709584
72,0.012398345283,0.0371884193453,0.0542249874146,0.0465649995359,0.103950715285,0.0248226387637,0.0604775451766,0.0169143653417,0.0873588892334,0.027195696657,0.0268593233456,0.0423923166814,0.0196632696384,0.0265921674629,0.0393150608952,0.0979858050662,0.106180240909,0.103567931944,0.0252572981715,0.0410899838495
73,0.0192692097117,0.0405868568478,0.0419737935514,0.0392801452853,0.0891847421441,0.0158197016663,0.0683218708542,0.0193124472717,0.0895847132414,0.0335458331723,0.0274969219934,0.0493385429084,0.0230776502923,0.0325548243024,0.0430313148564,0.0962826390175,0.0980485765898,0.0956954294866,0.042401815692,0.035192971115
74,0.0195249724208,0.0334572407762,0.0539793023024,0.049824891664,0.0709016440537,0.0150450245726,0.061830307561,0.00624868233573,0.0787633476339,0.0279339643508,0.0369569929206,0.0592232583547,0.0395340643575,0.0322379514466,0.0452116380389,0.0860322115457,0.108952338912,0.0947589835677,0.0366510901228,0.0429320930622
75,0.0183776284973,0.0405858913452,0.0452489423714,0.0533201622798,0.0885009339906,0.031523593106,0.0482380551795,0.00990155880606,0.0851135786586,0.0437800094601,0.0395337286584,0.0654221086603,0.0267604861211,0.0394718708131,0.0451413449998,0.058258122227,0.0995455918406,0.0883068453936,0.0385256967849,0.0344438508069
76,0.0216300231724,0.0428432489353,0.0535156375558,0.0314905748655,0.0899287083104,0.0303133563562,0.044878466676,0.0240796316634,0.0875479532952,0.0368823344212,0.0376197043843,0.0286328540519,0.0325680928461,0.034269862748,0.0434484315739,0.0708375909162,0.117341522261,0.0870279563096,0.0423342826627,0.0428097669948
77,0.0114809062529,0.048968159118,0.0594465399477,0.0477684075122,0.0877036884888,0.0195186970795,0.0504461716765,0.0209628947036,0.079315046146,0.0250656929205,0.0396388586916,0.0472416283766,0.0314210931211,0.0273444094603,0.0455903743619,0.0749095179431,0.115880352531,0.0929507140375,0.0358974660525,0.0384493815791
78,0.0312884557554,0.0366439982622,0.0621949570778,0.0317988629287,0.0882825229947,0.0207330701287,0.0418170434208,0.0220939627887,0.0801938089442,0.0290563104588,0.031207555985,0.0534565616496,0.0266697838531,0.036145285775,0.0328546686214,0.0766172047399,0.106025944428,0.0852612130738,0.0528463685847,0.0548124205296
79,0.017200855238,0.0420782331173,0.0570846475353,0.0386170513708,0.0735952700441,0.0305498060751,0.0527311074475,0.0245527568211,0.0924699958006,0.0243382099899,0.0401023277088,0.0541852526881,0.029071054553,0.0338659255698,0.0418921260679,0.0533700816193,0.120477480013,0.0858458192775,0.048215003539,0.0397569955237
80,0.0278428046896,0.0407951641452,0.0568834206542,0.0592364175865,0.0895224568178,0.0269290424906,0.0461814341223,0.0142607420684,0.0825286577171,0.0243828939394,0.0344405067646,0.0501829200087,0.0184807147749,0.0306779220348,0.0526438306498,0.0910159047857,0.0941950853978,0.0963551509947,0.0338833784906,0.0295615518674
81,0.0109114619167,0.0418873223082,0.0615742030687,0.0575548388197,0.0899038981164,0.0288425933314,0.0440166349232,0.0292232849973,0.0824627389226,0.0243368792595,0.0320944369439,0.0501539420775,0.0235527903064,0.0292768723773,0.0461332508328,0.0772270181701,0.0953167360925,0.0977999729178,0.0386618570158,0.0390692676019
82,0.0211204918212,0.0496278003661,0.0544907284122,0.054561093968,0.0872997883995,0.0286806230866,0.0425538720833,0.0200438144334,0.0830135974512,0.0326647022937,0.0376603477463,0.0514226668243,0.0363314521236,0.0464903595891,0.0526504294494,0.0770326991921,0.0756975984515,0.0858550718627,0.0267472135959,0.0360556488497
83,0.0175691327802,0.0421611165595,0.043252314627,0.0510335878508,0.084835610896,0.0207806993436,0.0481301382654,0.0149999672864,0.0884312194503,0.0497724843491,0.0282986324184,0.0781748504969,0.0195268081199,0.0333457920238,0.0417860444495,0.0773743247515,0.106315127601,0.0836904141909,0.038413790319,0.032107944221
84,0.017475000603,0.0568845266938,0.0752259209193,0.0518498053044,0.061656630859,0.0057873424114,0.038877102484,0.028501707758,0.0749119785491,0.0280600070572,0.0222988388511,0.0655489462956,0.0302206639159,0.0376432776922,0.0537191542432,0.0722776683334,0.114159574574,0.0873261705098,0.0399462846858,0.0376293982594
85,0.0196923903512,0.0449048325946,0.066212866628,0.04479582845,0.080419849699,0.00865883213869,0.0443071915552,0.0232666976878,0.0794291842704,0.0350734865224,0.0267052161054,0.0597232291226,0.0330086771644,0.0345929057929,0.0481486871756,0.086226236715,0.112227761955,0.0863817261126,0.0265816063534,0.0396427936058
86,0.0106133990106,0.0386988843887,0.0656285697777,0.0540156382569,0.095516416668,0.0122934425284,0.0544136664265,0.0288667842481,0.0755422488601,0.0266041628612,0.0372158849618,0.060274968687,0.0379633558176,0.0286751925756,0.0544148365883,0.0728650156323,0.110636933972,0.0740198883329,0.0258396110996,0.0359010993068
87,0.0161458210135,0.0454600083465,0.0651490318497,0.0484988858883,0.0853072198883,0.0264170596363,0.0516606153741,0.0245671854797,0.0722632191873,0.0208620344576,0.0315733410941,0.0845484867016,0.019357034957,0.0237386549949,0.0540414546193,0.0496893329766,0.113065863335,0.103452513058,0.0344964428062,0.0297057943366
88,0.0226431956882,0.0406584393117,0.0548393900432,0.0561186845795,0.086012985514,0.0258884829765,0.055171777868,0.0390324937674,0.0828633411486,0.0208424590235,0.0271089189924,0.0662383591437,0.0217654557074,0.0233305997468,0.0552044499248,0.0679616151302,0.111200384252,0.0722004338594,0.0320576202094,0.0388609131129
89,0.0256903984922,0.0546082851295,0.0464786394261,0.0350593091149,0.108123315772,0.0353345666736,0.0459859150123,0.0321337693202,0.0821110733033,0.0163842567002,0.0294342180481,0.0737124902862,0.0265628176905,0.0360200495954,0.0818680516031,0.0473543255506,0.0968196451272,0.0664747514267,0.0314112607092,0.0284328610188
90,0.0234740026977,0.0492461510773,0.0491244438126,0.0430911213971,0.0918087929669,0.0350311701072,0.0680839372462,0.0375027448896,0.0668914493865,0.0217931227222,0.00963172440271,0.0664159163366,0.0293934956637,0.0313593355556,0.0608128681234,0.0589615146329,0.12378640806,0.0689839931436,0.0282103771399,0.0363974306383
91,0.0299705718161,0.0361646728385,0.0328751123489,0.0545026561375,0.0932186760844,0.0246636320097,0.0711210461862,0.0251555388152,0.0632696260317,0.0274850448851,0.0181381122085,0.0740048273019,0.0230979761249,0.0270147272865,0.0466825914062,0.0516501462312,0.113756201698,0.0996511456453,0.0408572373816,0.0467204575626
92,0.0237036933079,0.0423784738328,0.0563438505863,0.0410625319154,0.0895010769276,0.0284373333708,0.0764107492812,0.0210312646649,0.0565896769288,0.0219319168722,0.0329322438026,0.0560790080252,0.017233943756,0.0231746560279,0.0954148489617,0.0489593779504,0.102470299621,0.100677883893,0.0346748446885,0.0309923255867
93,0.0237873333287,0.0343178226559,0.03962929376,0.050621962759,0.105492865935,0.026943265388,0.0505577899266,0.0358285785256,0.0867796253292,0.0254667595648,0.0141255815446,0.0645604368436,0.0194472195163,0.0225579779264,0.0589429867086,0.0560073476082,0.126866433957,0.096155213105,0.0279213888765,0.0339901167413
94,0.0159306828442,0.0457597198843,0.0358405245774,0.0599157753825,0.111717213494,0.0401670566266,0.0727439919632,0.00625532989276,0.0642193087492,0.033285765312,0.0263228337819,0.060646205061,0.00451802885261,0.026351587396,0.0699046173138,0.0596161038239,0.134146896645,0.0720015663021,0.0227635167739,0.0378932753236
95,0.030027885868,0.0377982543807,0.0252306090328,0.0599237496264,0.126862926879,0.0301524148795,0.0924135917109,0.0267287923679,0.0568234239089,0.026561012474,0.026271564575,0.0664134668065,0.00912322684566,0.0201741014568,0.0696606660369,0.0362048630446,0.117729238028,0.0803537123885,0.0327346118886,0.0288118878009
96,0.0304229146607,0.0304171707445,0.0551099863512,0.0463927139138,0.106640517648,0.0309396619994,0.0737726400927,0.0358724873113,0.0589477444954,0.0360118116539,0.0163600362271,0.0591825045499,0.016069781534,0.0217581237934,0.0730857391746,0.0390680443325,0.122269085999,0.0949885122582,0.0210342703286,0.0316562529316
97,0.0224554599963,0.0435047252093,0.0363427709932,0.0551923778159,0.094393612213,0.0332383707166,0.0818074055239,0.0521838627652,0.0585454152978,0.0173130901848,0.0224261924447,0.0833478986345,0.0140821704729,0.0244957674488,0.05449077968,0.045699035647,0.115873450773,0.0816821680511,0.0251757199914,0.0377497261405
98,0.0236083055074,0.0437172582711,0.0576365988801,0.0611083372621,0.0849062560691,0.0325925211452,0.0821347474559,0.0339893209087,0.0437592744471,0.0263366130243,0.0200234637528,0.0789635885346,0.0158715539688,0.0267272968384,0.0569408454478,0.0532075231138,0.0970958866897,0.108899319742,0.0207017745726,0.0317795143682
99,0.0272905057959,0.0406375571431,0.0358345981106,0.0435581275681,0.121977595268,0.0462565956711,0.090600279081,0.0181170053689,0.0570003799751,0.0247331229435,0.0175667405789,0.0749415033201,0.0133867313517,0.0368289687552,0.0460849605914,0.0396963801234,0.123797753572,0.0843624436285,0.0347416356353,0.022587115518
100,0.0296478075456,0.0401590195991,0.0428247941128,0.0531530950533,0.100398577032,0.0249254654896,0.0886082675758,0.0327638297376,0.0553275786554,0.0235616000778,0.01775898037,0.0882233263181,0.0174319858953,0.0359182422555,0.0488804871485,0.0423972434993,0.109006056586,0.104257988967,0.0145057045204,0.0302499495612
101,0.0162484262016,0.0721255511543,0.0380203414061,0.0533638136572,0.112514504082,0.0171719024747,0.0912120006375,0.012090814377,0.0507947291435,0.0154347449134,0.0269158522938,0.0771689621935,0.012270506113,0.0450035640337,0.0460086767462,0.0609692367856,0.106018454886,0.0901757977622,0.0184720590411,0.0380200620975
102,0.0164209147611,0.088674573982,0.0486167439162,0.050842890598,0.0849714990026,0.017166553033,0.0827220380183,0.0370224535679,0.0377816252108,0.0223444711562,0.0285294719068,0.0766338880091,0.00378263988773,0.0432100859109,0.0515735116948,0.0412808371499,0.118534731325,0.0742150452888,0.0393003793904,0.0363756461902
103,0.0332297052249,0.0811907163708,0.0577040021419,0.0436153493151,0.0903543242683,0.0201226803685,0.0837352930902,0.0153929164628,0.0598997683655,0.0146858206306,0.029173244414,0.0823367920637,0.0173998643893,0.0349107491411,0.0687524750961,0.0431628402193,0.0903802571315,0.0679484030601,0.0183279526353,0.0476768456111
104,0.0331824894941,0.0769660761697,0.047930024389,0.0400453150057,0.0786556910744,0.0313144328159,0.0926853042601,0.032074337563,0.0785070600745,0.0233844173077,0.0190074063921,0.0631987161059,0.0186225604972,0.0316206517703,0.058309594584,0.0479343656755,0.0998916043101,0.0744891651277,0.0211528980951,0.0310278892879
105,0.0298882922451,0.069293869615,0.0562463363166,0.0350093046574,0.0831232248349,0.0423531395176,0.0985550995808,0.0281207826958,0.0524852775395,0.0148018316548,0.0223694865782,0.059894438104,0.0145570449911,0.0382700776689,0.0591152694599,0.0471353573437,0.115875754944,0.0796235321072,0.0160892552162,0.0371926249294
106,0.0255574578013,0.0697088267786,0.0567652209362,0.0558802638569,0.0827992996894,0.0235677291158,0.0742410955975,0.0215421166878,0.0417431784577,0.0250667229723,0.0197374988714,0.0830642741668,0.0150190404919,0.0330247699918,0.0668764598611,0.0377068487079,0.122458174097,0.0721854285985,0.0250144372962,0.048041156024
107,0.0352213040521,0.0531485583973,0.0314292601422,0.0420496122171,0.0682571626057,0.0235603603882,0.0883225026117,0.0277704939806,0.0520148409347,0.031723501421,0.0218497380189,0.0966015629297,0.0231982441352,0.0323372742286,0.0549172682967,0.054860752929,0.108025201246,0.0773110340516,0.0216805582976,0.055720769116
108,0.0195829181054,0.0567122690987,0.0342994000245,0.0442068069518,0.0704645368346,0.0194623401265,0.0933778125308,0.0199053527995,0.0739023251978,0.0210606604105,0.027893168596,0.0800933430132,0.0159251817024,0.0262413864683,0.0581080172519,0.0467810400379,0.10486484068,0.109652381256,0.02322282672,0.0542433921934
109,0.0292188918694,0.0692261926008,0.0350219228611,0.0408034630396,0.0782734626693,0.0257074601898,0.0989113777958,0.0377441985874,0.0598410375674,0.0203078458313,0.0242199148356,0.0761358539745,0.0105152816983,0.02735590576,0.0598780526387,0.0491615708767,0.106175518277,0.0686608890354,0.0335217278461,0.0493194320456
110,0.0372099997306,0.0566940726646,0.0579478191106,0.0304896959534,0.0673507856764,0.0233259089588,0.101187748633,0.0365779850459,0.06952638156,0.0162834490152,0.0255872887794,0.0656143780438,0.0140321613824,0.0311872508385,0.0530260332768,0.0468048085939,0.0923734940361,0.0878428597682,0.0288429947943,0.0580948841384
111,0.034909154078,0.0594351607268,0.0629966570464,0.0363750155209,0.0837406257231,0.0214167280449,0.0739120946057,0.0303927464222,0.0820136625045,0.0202022467682,0.0333238389412,0.0614780311349,0.0131837224502,0.0269778776924,0.0580146065772,0.0557180002434,0.0934407656007,0.0834927882154,0.0239386584449,0.0450376192589
112,0.0309241677284,0.057608664751,0.0578545227792,0.0381873510433,0.0778349468961,0.019890784781,0.0851795260972,0.0257178936758,0.0666342129811,0.0201677947514,0.0239027426646,0.0795004072684,0.00842589900744,0.0311067657644,0.0587604938625,0.0536105135007,0.115559074493,0.0733849815337,0.0328233448346,0.0429259115862
113,0.0226331397056,0.0642989245004,0.0567994456935,0.0394624363919,0.0889569829556,0.0231509063527,0.0676016229623,0.0226987005668,0.0622496261069,0.0216597662331,0.0220186533047,0.0869838854314,0.0134225752659,0.0200606913268,0.0623552540217,0.0565530125125,0.133649455441,0.0637065084185,0.0328611409209,0.0388772718876
114,0.0353756289152,0.0532048267533,0.045609887887,0.0301111569307,0.0941111102023,0.0316011086725,0.082660385371,0.038946651946,0.0629294063923,0.0205106064721,0.0353912838672,0.0739444129469,0.0138314509505,0.0276464197186,0.0523918538496,0.0522557447414,0.118422287156,0.0708417833296,0.023725888287,0.036488105611
115,0.0325547173518,0.0559917474507,0.0488522793765,0.04682858343,0.0954785420964,0.0262267878744,0.0903222693221,0.0381278013371,0.0565374255541,0.0188495333028,0.0203686003213,0.0734487595464,0.0160948785185,0.0212900803128,0.0420940169364,0.0521796839369,0.100116199159,0.102135009568,0.027570691717,0.0349323928873
116,0.0266022601694,0.0600077904591,0.0398041129108,0.0390940458832,0.0931823803208,0.0386009840267,0.0686581025406,0.0333197419773,0.0566935311809,0.0329686808724,0.0274239425229,0.0696484581559,0.0208634599063,0.0223733962633,0.0634578404971,0.0587648995582,0.0957665286478,0.0877064334756,0.0324386437333,0.0326247668984
117,0.038277935939,0.0597654267132,0.050190684578,0.0315150701612,0.103271315028,0.0632655072937,0.068739469985,0.0189089917372,0.0713211514739,0.0519608363396,0.0232645599642,0.0414015350605,0.00633918437914,0.0188251372415,0.0590099044648,0.048468981429,0.115016876033,0.0679094734312,0.0370886267604,0.0254593319882
118,0.0257369895313,0.0649071451355,0.0399624349116,0.037758425219,0.0955737839275,0.054937600519,0.0789534739279,0.0322422035781,0.0510660595709,0.0501195380899,0.027206653841,0.0686066606725,0.0116684184083,0.0272688355988,0.0514506506283,0.044219842663,0.0909016897318,0.0769760056475,0.0307929947609,0.0396505936374
119,0.0262016404367,0.0595324733814,0.0449063892099,0.0350062746884,0.0794208949671,0.0563019830184,0.0785097969453,0.0248988263951,0.0590696479592,0.0456691354858,0.0277294704293,0.0620306352124,0.0133083905647,0.016867765406,0.0536229820935,0.0505076237132,0.111502903353,0.0825537506105,0.0388997112237,0.0334597049058
120,0.018768780733,0.0674114224513,0.0451438952036,0.0496637044495,0.0891106369257,0.0506907185045,0.0815173709082,0.0222153171669,0.0511855179331,0.0440865235988,0.019767159254,0.0548012979876,0.0151808800221,0.0202425406619,0.0515005490814,0.0495848378937,0.116444138839,0.0650229877762,0.034289158078,0.0533725625319
121,0.0168785158816,0.0623413048071,0.0369936681218,0.0516008699354,0.0667875612843,0.075582875911,0.0679944451502,0.0166428003283,0.0518030369489,0.0493162041338,0.0277640479638,0.0731387869354,0.0160049327518,0.0146893169005,0.046679663548,0.0529166005693,0.10325771749,0.0806737280308,0.0383552512964,0.0505786720116
122,0.0322452681674,0.0553195269402,0.0433179420561,0.0330753564419,0.0844021198992,0.063111248626,0.0879534730554,0.0169558375222,0.047412334917,0.0515361328231,0.0242736872598,0.0749758238506,0.0208007578349,0.0143210749405,0.0497127416918,0.0406518903952,0.110341827723,0.0713938343602,0.0345575112747,0.0436416102206
123,0.0204724621323,0.0444827384112,0.0475436675369,0.0397460830106,0.109657241584,0.0549955908397,0.0958884963278,0.0219993762318,0.0546557232598,0.0470409794682,0.0165788568757,0.0792844980072,0.0143722870318,0.0103664740984,0.0428102797354,0.0405949216051,0.104977511282,0.069645663736,0.0343434989484,0.0505436498774
124,0.0270958822629,0.0553162457791,0.0545253731871,0.0339056232055,0.0873378907259,0.0582112288038,0.0823949602848,0.0183140129841,0.0580970910611,0.0370256113612,0.0333310928918,0.0741497048746,0.0144944694161,0.0121511610055,0.0499826671061,0.0385303567155,0.116327141237,0.066701134199,0.0366167802139,0.0454915726853
125,0.0243902969688,0.0578939400729,0.0508704906025,0.0303777436283,0.100508534165,0.0649941082466,0.0665754122342,0.017728170907,0.0600369905416,0.0429168156969,0.0277213190845,0.0629871897506,0.0101427896665,0.0164771646455,0.0656317014224,0.0343352449094,0.123267107876,0.0586280198667,0.0462807896767,0.0382361700373
126,0.0206071148201,0.0497602533022,0.0466945299727,0.0450130676339,0.0971136750381,0.0587364053723,0.0678910573065,0.0167401445846,0.0559730544175,0.0548061579279,0.0264307233422,0.0475495321858,0.0212966223181,0.0206344292805,0.0380796935265,0.0532752518288,0.156265254045,0.0502050089379,0.0345359834695,0.0383920406899
127,0.0268060294666,0.0495142890651,0.0563584021673,0.0522025733686,0.11191638042,0.0623557460302,0.0707076589267,0.00997235972317,0.0470218234596,0.0488503556512,0.024783907288,0.0443188882244,0.0145110198158,0.0182581807336,0.0344868905855,0.0631686564831,0.127691153611,0.0527918801362,0.0289799870426,0.0553038178009
128,0.0237638363828,0.0590991820767,0.0498184077391,0.0556928915837,0.13078517734,0.0550239002385,0.0704814016164,0.00830742352139,0.069026232836,0.0381952240635,0.0274734411056,0.0399450630097,0.0203210226412,0.0119926170628,0.032670169857,0.0542986188968,0.147446167313,0.0479399484745,0.026815177863,0.030904096379
129,0.026666544545,0.0668741704566,0.0468199532318,0.0485304074208,0.11550476487,0.0367941096985,0.0701786950486,0.017567224725,0.0649895533339,0.0422528429709,0.0321834337135,0.0264212430435,0.0176871853907,0.0212566068539,0.0351114405022,0.0633956585894,0.167724742846,0.0430178020819,0.0281203969596,0.0289032237184
130,0.0183030880285,0.0682861649126,0.056194581621,0.0563014064643,0.111010223819,0.0619953259591,0.0613841637765,0.0125621838133,0.0619612529247,0.0462352681556,0.0350031143041,0.0399207552384,0.0195272725728,0.0250613148629,0.0296838271485,0.0517258884681,0.138678034541,0.0459380659306,0.0250562232048,0.0351718442538
131,0.0199402469182,0.0651105584,0.0428870217146,0.0566020708722,0.122114998955,0.0442476958775,0.0736136778872,0.0142404383417,0.0621749783411,0.0328837253937,0.0371255352987,0.0418438476792,0.0206894930534,0.0226544956456,0.0260562356564,0.0543741475524,0.146934132427,0.0598613093017,0.0214959854619,0.0351494052224
132,0.0157879309961,0.0627690313368,0.0469108245751,0.0481213865401,0.112159966673,0.0406742432205,0.0573540677308,0.0128712298617,0.0750592528075,0.0431295131296,0.0344435483745,0.0476452319355,0.0272934422851,0.0304053297473,0.0358034759254,0.0631645430944,0.136618909514,0.0461779403835,0.0235435550271,0.0400665768424
133,0.028834260688,0.0754283257803,0.0547440964129,0.0451095351244,0.116647342443,0.0409204206745,0.0680809014657,0.0126347875451,0.0692952037221,0.0356601200974,0.0270805931677,0.0505453828278,0.0183285694766,0.0293031332162,0.0423257307938,0.0530873209338,0.123586722471,0.0515110918185,0.0202477743605,0.0366286869798
134,0.0269498222091,0.0585485622511,0.0500399279191,0.0533680376204,0.126746708704,0.0375025667049,0.0644357396723,0.00763863348951,0.0669731702734,0.0447149085287,0.0226074587619,0.0577181575381,0.0191286544347,0.021000739818,0.0399437797521,0.0505778858086,0.141299227897,0.0603740053698,0.0141740971474,0.0362579161
135,0.0324005296661,0.0590921884923,0.0635564776047,0.042881516316,0.109615033313,0.0435505447603,0.0628849665818,0.0140510698955,0.061998236337,0.0427528115081,0.0249330730541,0.0589410401979,0.0203770946497,0.0208848462288,0.0424587306554,0.0478083938633,0.147058248396,0.0525690787949,0.0224693118947,0.0297168077899
136,0.0276937456025,0.0535123893291,0.0617527166774,0.0584014877448,0.121192252273,0.0355522268774,0.0672883769824,0.0146590694001,0.0528474619468,0.0505964041795,0.0248353353001,0.0646526533286,0.0240236175441,0.0128739074301,0.0489088372756,0.0431708795444,0.14579945509,0.0436399660359,0.0188293731905,0.0297698442477
137,0.0252206100929,0.0535844224471,0.0468311997537,0.0519497006696,0.115599356458,0.0361915804583,0.0631918316742,0.0214773269811,0.0629727450243,0.0405677520358,0.0172207703496,0.0644411654117,0.0244509068615,0.0326861716014,0.0424327804417,0.0426662163457,0.142584784543,0.0511650977456,0.0279881792413,0.0367774018632
138,0.0216935913525,0.0410413648906,0.0375673927616,0.0532257047041,0.126269395783,0.0372205928926,0.0652822564498,0.0257988620266,0.0698121044962,0.039864639561,0.014200077556,0.0675448082537,0.0239711484435,0.0242952252143,0.0385643104923,0.0505627801228,0.147659456745,0.0531097966803,0.0233073323871,0.0390091591871
139,0.016842571741,0.0453898383362,0.0394352127324,0.0602640090762,0.119478552512,0.0359618103183,0.0776296418665,0.0209349741807,0.0682237428595,0.0487572192576,0.0192443955511,0.0581204282828,0.0199279893505,0.0288065110057,0.0399685187649,0.0483441769306,0.147857082226,0.0498551521835,0.0261971403092,0.0287610325147
140,0.0280841777465,0.0510335832107,0.0600950716354,0.0539602725583,0.103088023103,0.0293770576606,0.0717493210427,0.0173906554427,0.0589689004465,0.0523758658968,0.0224682003682,0.0542428676173,0.0177122093585,0.03081057796,0.0564757282891,0.0425023236411,0.133928180623,0.0607923055853,0.0219193471967,0.033025330617
141,0.0210432675555,0.0438096345283,0.0393331012776,0.0529911024269,0.113800555469,0.0243077536934,0.0718956494682,0.0152536700174,0.0605783810972,0.0423191249358,0.0244262291098,0.0630394737881,0.028714457446,0.0386581099624,0.0408588182203,0.0427722663082,0.158131726677,0.0530767388203,0.0236512563345,0.0413386828651
142,0.0312385948699,0.0519801928635,0.0332194996315,0.0583085925821,0.107837205896,0.0242569163985,0.0832520730537,0.0163705939683,0.0561066874036,0.0397169675917,0.0295826209802,0.0649859285254,0.0164649341163,0.0342259647675,0.0572706006364,0.0409909431716,0.141581816429,0.0648102183376,0.0159164013438,0.0318832474331
143,0.0113683038249,0.0741713034615,0.0377343238948,0.0735077221046,0.098156365196,0.0320163107894,0.0903921960809,0.0195318741382,0.0733296417204,0.0411843724547,0.0266832721319,0.0623564616774,0.0166525953967,0.0232149561007,0.0412815430595,0.0450302291447,0.126893691601,0.0562478522595,0.0216889781937,0.0285580067696
144,0.0129077139881,0.0536788762275,0.0397585207062,0.0578817514389,0.138079476581,0.0454428435745,0.0851121646357,0.0122231518776,0.060374874012,0.0432676449291,0.013779401448,0.0619058147217,0.0245696528805,0.023599515202,0.0450389509028,0.0320159316176,0.146190854244,0.0482090533766,0.0193170750984,0.0366467325373
145,0.017210020059,0.0571996563585,0.0361338974933,0.0506202620794,0.125606571266,0.0469107046765,0.0924946170929,0.0211598089607,0.0595587102385,0.0367186464951,0.0180237335525,0.0872576121963,0.0181266762645,0.0194380872942,0.0418461600057,0.0312018233869,0.135043107311,0.0542979303991,0.0154110318598,0.0357409430102
146,0.0204398073742,0.0483055427316,0.0421064697561,0.0493962532991,0.133760630684,0.0469961862736,0.10642011355,0.013048219576,0.060121347018,0.0425944616057,0.0124682932698,0.0816991017311,0.0139590375724,0.0211281631196,0.0402874168805,0.0332386600646,0.124694703357,0.0560999401716,0.0158137424549,0.0374219095106
147,0.020326281478,0.0446116293271,0.0497058530335,0.0437049595998,0.130389049424,0.0435400333078,0.0908428568374,0.0273426281839,0.0558425390265,0.0360956502046,0.0190213434501,0.074546944494,0.0190093247459,0.0277085848495,0.0424496296489,0.043339505481,0.122438504072,0.0593708233532,0.0198700041709,0.0298438553125
148,0.0220478820802,0.0572033438749,0.0370625375349,0.0403620752496,0.104564403838,0.0400119664426,0.0792065909431,0.0173816994612,0.0585588819459,0.0429302714489,0.0301463179564,0.0607100820844,0.0243575507528,0.0352162476235,0.055187242386,0.051472501311,0.132229600755,0.0701520105561,0.0143117939844,0.0268869997708
149,0.0157136556889,0.0649494904282,0.0519037609992,0.0513431315011,0.107166073165,0.0395467158644,0.0881196718655,0.0135247140553,0.0571301483105,0.0470490594996,0.0152148397325,0.0737099831681,0.0137069961139,0.0241897329658,0.0498754074357,0.0456026314722,0.148241216063,0.0413568192914,0.0194578589472,0.0321980934322
150,0.0294398457619,0.055275937961,0.0426227935845,0.0528009204469,0.11072999366,0.0433680492256,0.0875300350795,0.0174349305862,0.0503398738709,0.0393959464038,0.021135318355,0.0747755903865,0.014887537561,0.035715336285,0.0499965263816,0.0407911213444,0.125070659359,0.0603005185061,0.0214312669177,0.0269577983236
151,0.0212000581786,0.0490420730028,0.0400788664842,0.048232264519,0.11817416076,0.0408708591789,0.0856947024442,0.00702673260155,0.0502950475615,0.0475471627993,0.0259738212099,0.0631278019489,0.0160895529875,0.030642086687,0.0389863667523,0.0382089425076,0.16267278415,0.0466708365229,0.0227822891153,0.0466835905887
152,0.0224913155998,0.0464006249059,0.039227232955,0.0529258556062,0.122488532257,0.0366543423186,0.0816808074171,0.012064577983,0.0628052368167,0.0420397400948,0.0236386191947,0.0623558927866,0.0240847151111,0.0236850558399,0.0529760799776,0.0438649620556,0.152122520879,0.0484237761091,0.0177897992133,0.0322803128789
153,0.0165695087681,0.0417635839757,0.0530499704167,0.0482902978478,0.125503517123,0.0361714359317,0.0863925719542,0.00528338281992,0.0621108268398,0.0376271082434,0.0227723438446,0.0670690969946,0.0218970636192,0.0236083393754,0.0520572515279,0.0420661129782,0.144680790935,0.0556545609784,0.0310585342662,0.0263737015599
154,0.0244153286663,0.0420495712325,0.046548647208,0.0547443947506,0.128279560729,0.029069417855,0.0853090822251,0.00570834022801,0.0547630222884,0.0403671003873,0.0178336519733,0.0852886109587,0.0237965243678,0.0244577912448,0.0460661389645,0.0393073229442,0.141248607809,0.0547689010217,0.0296269921766,0.0263509929689
155,0.0219739773825,0.0537565992072,0.0507645816852,0.058120912803,0.130614526568,0.0326751710087,0.0812959751263,0.0014968772993,0.0622909622115,0.035101476477,0.0211032248104,0.0793841769783,0.0247901623448,0.0154177987558,0.0562679910193,0.0450514366725,0.127547253876,0.0538771390818,0.0207483654834,0.0277213912087
156,0.0201751602493,0.0453949280375,0.0366975232057,0.051867185881,0.120484090825,0.0313547122214,0.0820007155348,0.0112692866249,0.0545810572874,0.0375469233862,0.0295154204795,0.0687210450839,0.0230904656331,0.0280866276355,0.0497383006994,0.0473852358351,0.139336635827,0.0486478048405,0.0351155310728,0.0389913496399
157,0.0229388519459,0.0683556320444,0.0483265253444,0.054021798031,0.128838583876,0.030896502182,0.0890932018922,0.0102490100138,0.0553098369134,0.033616884996,0.0130483584747,0.07144976791,0.0253186899752,0.0235099273828,0.0523201011449,0.037580290381,0.120493352243,0.0497965600323,0.0283346859009,0.0365014393158
158,0.0185209086428,0.0640909374082,0.0454445821788,0.0568076558033,0.114317874278,0.0376110027782,0.0971293776941,0.00348444211446,0.0555848160473,0.0367533796694,0.018405012571,0.077171881994,0.0233522803085,0.0157859597829,0.0476947611407,0.0440496435404,0.116534801522,0.0572570118724,0.0295102783543,0.0404933922989
159,0.028429928052,0.0746694930896,0.04212620187,0.0492640418567,0.119778842396,0.0288277581193,0.0776528046159,0.00482912941614,0.0532325876407,0.0361401396524,0.0174384347826,0.0749151366807,0.0155059493411,0.0164270741605,0.0559007775376,0.0571415648878,0.127042217633,0.0455336822327,0.0503781156237,0.0247661204116
160,0.02858267944,0.0614639529472,0.0498806179043,0.0468802497964,0.103360006329,0.0303927460919,0.0896660240566,0.00283200308837,0.0580700835094,0.0309899906238,0.0174972034612,0.0779744904881,0.0195481218889,0.0213792114817,0.0708633963117,0.0479006072156,0.137443860921,0.0430111059145,0.0313401899458,0.0309234585846
161,0.0283268361461,0.0781518139745,0.0608443724994,0.0467677298383,0.113152611396,0.0319605207109,0.0889154526746,0.00516310650165,0.0516099894499,0.0356017628665,0.0235663274988,0.077592402677,0.0200723314543,0.0218216415911,0.0574018020405,0.0454461748701,0.117531458159,0.0530826570172,0.0249002088969,0.0180907997369
162,0.0217708208475,0.0621091989781,0.0444999806962,0.044509737058,0.125897124853,0.0350691215951,0.0816181469808,0.0122255085911,0.059906191769,0.030210804044,0.0139924437031,0.079058737992,0.0278091716049,0.0218495117297,0.0646423929807,0.0428501294661,0.137544443668,0.047549566037,0.0213163378926,0.0255706295126
163,0.0224816970709,0.0550902828411,0.0376962282222,0.0392758604387,0.124983673514,0.0469706314001,0.0658696852338,0.00756418409923,0.057850871356,0.0413498887974,0.0207211842429,0.0767621047421,0.0188399033436,0.0187752961528,0.053444779965,0.0497181600258,0.153417043619,0.0492966970358,0.0218765990969,0.0380152288022
164,0.0190622210883,0.0601011745545,0.0390000276173,0.0418129343646,0.120991789168,0.0311692723187,0.0733785585464,0.00357908482372,0.0657871087132,0.034615083102,0.0184246991467,0.0974185681088,0.0141726861872,0.0146998592082,0.0674867466949,0.0354456343251,0.14116779322,0.0446231799597,0.03229577615,0.0447678027025
165,0.0216184496278,0.0669616977879,0.0470038296903,0.026201386679,0.152055448182,0.0383204287911,0.0754496888367,0.00503270119431,0.0352036527255,0.0464933553405,0.0199606633638,0.0707680935333,0.0136788292475,0.0185377600148,0.0621678961495,0.048098938964,0.161840209773,0.0242305294293,0.0298296475393,0.0365467931304
166,0.0241437527477,0.0495327582529,0.0564895532364,0.0414993329563,0.132437325786,0.0370498714073,0.0694579162843,0.00526557829986,0.0588537694859,0.0409063296397,0.0285873066026,0.0806324214908,0.0111922579264,0.0110233685783,0.069822111578,0.0497563108692,0.145961580057,0.0313760465193,0.0218141376771,0.0341982706042
167,0.0138504832856,0.0473165876679,0.0508190286307,0.0436631851617,0.137856817244,0.0364241521289,0.0733058603167,0.00638876742525,0.0545714278806,0.0415484443625,0.0280130545595,0.0791233443055,0.0181878674713,0.0228956013783,0.0619393973793,0.0549481480419,0.118766902088,0.043577152674,0.0334921592246,0.0333116187737
168,0.0160357740731,0.054884130207,0.0446860163537,0.0408559796643,0.140469395748,0.0479599328636,0.0715924956334,0.000810664718671,0.0492134431726,0.0352909044641,0.0236607567311,0.0827027383758,0.0126371516392,0.0145110440817,0.058200572316,0.0688547058569,0.124258418849,0.0513019288827,0.0233956903795,0.0386782559896
169,0.0241028833711,0.0388058897975,0.0540871053195,0.0483481985906,0.134514990402,0.0317597387397,0.0845864098797,0.00520500916402,0.0415873593576,0.0405113165654,0.015821482586,0.0775943288327,0.0118254000772,0.0226484568229,0.0889921714318,0.05195760619,0.122218301913,0.0476919299015,0.0274954095636,0.0302460114945
170,0.0181311292985,0.0429995864617,0.0462274725374,0.0401927081595,0.123611069356,0.0474906942454,0.0714640723632,0.0158336029226,0.0615672367422,0.0378632127317,0.0226087715849,0.0801634328535,0.0235789852996,0.0276027305957,0.0688763027553,0.039183113464,0.126358772096,0.0473640016684,0.0231571691505,0.0357259357137
171,0.0264151593559,0.0487424749348,0.0515400064349,0.0477842025702,0.122834005785,0.0326058104647,0.0851220799129,0.0227810534464,0.0480621223922,0.0391392308543,0.0164727130666,0.09568005594,0.013448214214,0.0182223195654,0.0601133983482,0.0498984842611,0.125177163041,0.044359912493,0.0195562111493,0.0320453817704
172,0.0306259436705,0.0424036846213,0.0435161705016,0.0445232331158,0.123727105336,0.0515307271103,0.0909576598239,0.0257390662694,0.060059713084,0.0380311724803,0.0188543627789,0.08469890162,0.0168210713687,0.022518527725,0.0539561052352,0.0400862592184,0.121929419252,0.0443277540186,0.0132797274216,0.0324133953493
173,0.0268434273253,0.0372203950591,0.0497189481468,0.0506024429943,0.115561275502,0.0328468395612,0.0882280083304,0.0247931902287,0.0532654193779,0.0444836742782,0.0186891244783,0.08623731778,0.0156408813154,0.0255866148899,0.0663164009998,0.0494450171381,0.113693028758,0.0447388756853,0.0269584524663,0.0291306656843
174,0.0320248959619,0.0428664535473,0.0422326964846,0.0542942142513,0.104634233265,0.0498214587745,0.082612947303,0.00394281710263,0.0426178879146,0.0376198083945,0.024945630531,0.0850852119249,0.0212598351257,0.0162199934849,0.0695042940499,0.0487875337533,0.125604663802,0.0527336951394,0.0295401531889,0.033651576001
175,0.0263057577517,0.0531139573322,0.0368085658028,0.0683721916968,0.119069643679,0.0491324296404,0.0914832484269,0.0126431779463,0.0452174738969,0.0328727381679,0.0156982816102,0.105183883061,0.0153877031325,0.0201289215616,0.0663696020358,0.0440182634942,0.0982401386677,0.0462436482983,0.0209061929727,0.0328041808246
176,0.023491164766,0.0426569448028,0.0397087410442,0.0507751065334,0.0977906067293,0.0399265843149,0.106685075513,0.0135775976596,0.0738433353895,0.0338038631349,0.0221838696438,0.106279348345,0.0136028853532,0.00973982989374,0.0548111677833,0.037576130709,0.109371260916,0.0616910643409,0.0267872705904,0.0356981525378
177,0.0320135961888,0.0392725074945,0.0458122006267,0.0575501863149,0.1020107544,0.0473402723889,0.0938544982036,0.0197982713962,0.0801075194388,0.0429350633148,0.0163924877161,0.0880979771716,0.0166092210632,0.0246104606528,0.0597781262902,0.038247919048,0.097094812701,0.0503733910518,0.026006071079,0.0220946634595
178,0.0352680595018,0.0419439718012,0.0435212003509,0.0504377223726,0.120744263437,0.0578801845951,0.0957029900211,0.00759470082165,0.0535812807752,0.0448730510938,0.029000330617,0.0787617376824,0.012488934903,0.0185620875285,0.0726490403918,0.0401821135275,0.0880937439289,0.0651765624402,0.0220057542729,0.021532269937
179,0.0268327786974,0.0431751266307,0.0410134493388,0.0531594606711,0.111240304702,0.0481291357199,0.092171473843,0.01764386681,0.0545072604874,0.0408416498212,0.0211171225982,0.0958815908082,0.0153378280387,0.0265116291434,0.0629173897402,0.040030008387,0.0973806355206,0.0551215676861,0.0300034622194,0.0269842591369
180,0.0342673548296,0.0519787280949,0.0389494119035,0.0488032702132,0.116477918934,0.0563152261151,0.0967400583557,0.0180122800255,0.0592226587828,0.0429946264535,0.0201159306322,0.0841370135188,0.0144263586542,0.0160081701609,0.0586751156609,0.0390940694386,0.0953319095381,0.0479916935661,0.030390047048,0.0300681580746
181,0.0233589618464,0.0364738578734,0.0372324825564,0.0602506586443,0.123174777105,0.0639254019719,0.0872933505343,0.0152749866258,0.0519277317525,0.0465137144552,0.0203647747124,0.0938435418371,0.0114838232576,0.0202004332482,0.0541766749679,0.0423401824381,0.0905246934123,0.0554709133791,0.0276938724328,0.0384751669491
182,0.0309653176464,0.0425768234416,0.0457624814862,0.0389758288891,0.122661092371,0.0615605078812,0.0910530227012,0.0161641706503,0.0590370351362,0.0434397177845,0.0205094708612,0.087968597544,0.0206955238958,0.0288580761346,0.0505617871454,0.0448933153719,0.0974675364925,0.0456547743418,0.0183341185898,0.0328608016351
183,0.0326939200084,0.037229110106,0.0383566877254,0.0510330270141,0.109712682925,0.0582460584686,0.106403573857,0.0109354243825,0.0547230231779,0.0444183773793,0.0140899352312,0.0960849502746,0.0159574681514,0.0190509632184,0.0380771870251,0.0410080811632,0.0984905663213,0.054521389579,0.0384841497125,0.0404834242784
184,0.0310913190065,0.0407582311177,0.0395979924064,0.0494667475893,0.116162333552,0.0546475342445,0.103944673073,0.00306953839688,0.0561689801544,0.0542347275573,0.0275570379648,0.0778239760586,0.00700017629979,0.012667294191,0.0372132224154,0.0586080837948,0.0995584134287,0.0582654899029,0.0324855761081,0.0396786527386
185,0.0354283809253,0.0447433482861,0.0445727151178,0.0476817267119,0.119165760648,0.0507945740222,0.0994841248002,0.00182399396328,0.0603884792123,0.0430081738163,0.0239092643842,0.0821199972165,0.0102281433761,0.0127842880547,0.0483483617054,0.0460559521187,0.106705531261,0.0536801402924,0.0331179396686,0.0359591044193
186,0.0355508422169,0.0433409423003,0.0534651310141,0.0446351548188,0.10913564357,0.0494260553753,0.091175376696,0.00770243418107,0.0637107948496,0.0521109705833,0.0292434036775,0.0747689127833,0.0143844417193,0.0174256504618,0.0504505176496,0.0487069368233,0.0993931762587,0.0591740162875,0.0309566755485,0.0252429231854
187,0.0189560863982,0.0450343674628,0.0425306099981,0.0429114879298,0.13281114297,0.049161816035,0.103408927405,0.00517267736126,0.0598104059466,0.050049382213,0.0205723624544,0.0823727055334,0.0106850442402,0.016309101491,0.055704950516,0.0467335052232,0.101508677726,0.0556803790892,0.0301912503764,0.03039511963
188,0.0184002113869,0.0484466598527,0.0447306274042,0.0361702831143,0.114830578976,0.059286508746,0.0898155673767,0.0191680754802,0.056235166098,0.0538389294269,0.0167278375355,0.078015644468,0.0174440729785,0.0138868996607,0.0450399665691,0.0416317662359,0.12420086091,0.0576099067355,0.0300906575126,0.0344297795328
189,0.0332319923575,0.0382377115658,0.0432219806392,0.0407637523521,0.11314216796,0.0390023612038,0.100673026246,0.0185308764795,0.0514623200565,0.0402348109393,0.0157366355808,0.0924744489688,0.0148421653958,0.0244953525013,0.0550582401161,0.0406053551296,0.121146640619,0.0614039232894,0.0247705988115,0.0309656397882
190,0.0388454439695,0.0325661326081,0.0444563296698,0.0409623749708,0.112070483008,0.0470467124472,0.0906360669034,0.013546264487,0.0585112078668,0.046564601807,0.0195693253253,0.0945230375088,0.00871649083361,0.0213210491803,0.0486898490517,0.0376829266581,0.113854332201,0.065577552884,0.0346474736621,0.0302123449568
191,0.0278955033954,0.0391406356914,0.0519328271676,0.0507133326023,0.134736622439,0.0460662458031,0.0936972988961,0.0113611268056,0.0565208544439,0.0427164110913,0.0154976204356,0.103700746764,0.00994836405183,0.0118310156274,0.0419622516003,0.0366171997254,0.104747092978,0.0678810423013,0.0237347009111,0.0292991072695
