"","Topic 1","Topic 2","Topic 3","Topic 4","Topic 5","Topic 6","Topic 7","Topic 8"
"1","labor","one","percent","bank","polici","rate","inflat","financi"
"2","market","today","famili","financi","monetari","feder","price","polici"
"3","year","work","wealth","firm","see","polici","expect","stabil"
"4","employ","help","household","communiti","paper","fund","year","monetari"
"5","econom","job","econom","reserv","econom","reserv","model","risk"
"6","growth","fed","incom","feder","research","will","cost","system"
