"","Topic 1","Topic 2","Topic 3","Topic 4","Topic 5","Topic 6","Topic 7","Topic 8"
"1","rate","inflat","percent","financi","econom","communiti","labor","polici"
"2","feder","price","famili","bank","growth","feder","market","financi"
"3","polici","expect","wealth","firm","economi","reserv","job","monetari"
"4","fomc","return","incom","institut","product","research","recess","stabil"
"5","fund","chang","household","system","expect","bank","recoveri","economi"
"6","reserv","vol","econom","capit","recent","confer","employ","econom"
"7","percent","model","educ","risk","increas","continu","unemploy","effect"
"8","econom","level","busi","requir","price","fed","declin","paper"
"9","real","text","return","liquid","percent","board","slack","crisi"
"10","monetari","nomin","top","crisi","activ","help","wage","household"
