"","V1"
"U:/Fed Speech/R Code/speech/Yellen/yellen20140305a.txt",6
"U:/Fed Speech/R Code/speech/Yellen/yellen20140325a.txt",6
"U:/Fed Speech/R Code/speech/Yellen/yellen20140331a.txt",7
"U:/Fed Speech/R Code/speech/Yellen/yellen20140415a.txt",4
"U:/Fed Speech/R Code/speech/Yellen/yellen20140416a.txt",1
"U:/Fed Speech/R Code/speech/Yellen/yellen20140501a.txt",4
"U:/Fed Speech/R Code/speech/Yellen/yellen20140515a.txt",7
"U:/Fed Speech/R Code/speech/Yellen/yellen20140521a.txt",6
"U:/Fed Speech/R Code/speech/Yellen/yellen20140702a.txt",8
"U:/Fed Speech/R Code/speech/Yellen/yellen20140822a.txt",7
"U:/Fed Speech/R Code/speech/Yellen/yellen20140918a.txt",3
"U:/Fed Speech/R Code/speech/Yellen/yellen20141017a.txt",3
"U:/Fed Speech/R Code/speech/Yellen/yellen20141030a.txt",6
"U:/Fed Speech/R Code/speech/Yellen/yellen20141107a.txt",8
"U:/Fed Speech/R Code/speech/Yellen/yellen20150303a.txt",4
"U:/Fed Speech/R Code/speech/Yellen/yellen20150327a.txt",1
"U:/Fed Speech/R Code/speech/Yellen/yellen20150402a.txt",6
"U:/Fed Speech/R Code/speech/Yellen/yellen20150506a.txt",4
"U:/Fed Speech/R Code/speech/Yellen/yellen20150522a.txt",5
"U:/Fed Speech/R Code/speech/Yellen/yellen20150710a.txt",5
"U:/Fed Speech/R Code/speech/Yellen/yellen20150924a.txt",2
"U:/Fed Speech/R Code/speech/Yellen/yellen20150930a.txt",6
"U:/Fed Speech/R Code/speech/Yellen/yellen20151020a.txt",6
"U:/Fed Speech/R Code/speech/Yellen/yellen20151112a.txt",8
"U:/Fed Speech/R Code/speech/Yellen/yellen20151202a.txt",1
"U:/Fed Speech/R Code/speech/Yellen/yellen20160329a.txt",1
"U:/Fed Speech/R Code/speech/Yellen/yellen20160606a.txt",5
"U:/Fed Speech/R Code/speech/Yellen/yellen20160826a.txt",1
"U:/Fed Speech/R Code/speech/Yellen/yellen20160929a.txt",6
"U:/Fed Speech/R Code/speech/Yellen/yellen20161014a.txt",2
"U:/Fed Speech/R Code/speech/Yellen/yellen20161219a.txt",3
