"","Topic 1","Topic 2","Topic 3","Topic 4","Topic 5","Topic 6","Topic 7","Topic 8","Topic 9","Topic 10","Topic 11","Topic 12","Topic 13","Topic 14","Topic 15","Topic 16","Topic 17","Topic 18","Topic 19","Topic 20"
"1","net","rate","capac","busi","posit","consum","data","bank","inflat","liquid","worker","occur","financi","firm","polici","bank","return","ongo","feder","technolog"
"2","prepar","neutral","absenc","bank","captur","servic","spend","institut","rate","market","employ","purpos","stabil","confid","economi","communiti","educ","immedi","reserv","ledger"
"3","coincid","lower","chicago","loan","consequ","firm","incom","system","percent","resili","conting","christoph","polici","follow","monetari","regul","student","aggreg","financi","clear"
"4","confidenti","real","hold","credit","daniel","fintech","unemploy","requir","growth","trade","survey","daili","author","hand","unit","burden","recess","bond","market","distribut"
"5","defin","polici","balanc","lender","job","provid","factor","capit","econom","bond","arrang","dynam","tool","nber","diverg","report","text","flexibl","risk","settlement"
"6","rose","normal","beyond","lend","becom","financi","job","stress","polici","price","percent","knowledg","credit","surpris","asset","regulatori","invest","reassur","time","financi"
"7","substanti","feder","cocci","onlin","decis","product","aggreg","organ","expect","volatil","hour","line","limit","recess","countri","review","colleg","today","return","payment"
"8","transform","monetari","commit","altern","drive","regul","appear","complex","recent","declin","gig","magnifi","macroprudenti","suppli","spillov","hold","debt","credit","text","potenti"
"9","under","crisi","consist","communiti","flow","innov","slack","asset","price","treasuri","individu","passag","monetari","univers","domest","agenc","econom","curcuru","board","secur"
"10","undu","zero","decis","borrow","increment","access","appreci","framework","level","asset","incom","technolog","risk","francisco","financi","requir","percent","fallen","chang","system"
