"","Topic 1","Topic 2","Topic 3","Topic 4","Topic 5","Topic 6","Topic 7","Topic 8"
"1","unemploy","low","might","market","financi","rate","term","particip"
"2","committe","potenti","uncertainti","econom","risk","polici","financi","financi"
"3","meet","effect","inflat","price","particip","increas","uncertainti","uncertainti"
"4","normal","develop","market","inflat","develop","inflat","near","develop"
"5","evid","object","price","particip","meet","committe","member","bank"
"6","low","expans","unemploy","condit","continu","expect","vote","foreign"
