"","x"
"rate",2101
"inflat",2029
"particip",1994
"market",1708
"econom",1636
"polici",1345
"committe",1315
"continu",1254
"expect",1241
"increas",1208
"labor",1179
"price",1068
"outlook",911
"risk",885
"fund",881
"condit",880
"financi",854
"term",836
"growth",793
"remain",769
"note",751
"declin",695
"indic",637
"longer",634
"activ",631
"monetari",621
"rang",587
"member",585
"energi",579
"meet",579
"develop",575
"level",551
"run",549
"object",518
"low",517
"period",514
"employ",507
"sever",487
"target",482
"rise",476
"spend",469
"chang",464
"also",451
"measur",449
"howev",442
"gener",421
"consum",402
"view",394
"pace",393
"bank",389
"like",387
"unemploy",383
"gradual",382
"agre",381
"busi",376
"time",373
"data",371
"near",361
"uncertainti",361
"accommod",360
"report",360
"survey",360
"judg",358
"secur",358
"real",354
"sector",354
"suggest",353
"appropri",344
"consist",344
"global",344
"assess",342
"inform",342
"economi",341
"strengthen",339
"intermeet",327
"effect",325
"appear",319
"balanc",318
"firm",311
"moder",309
"rel",307
"discuss",304
"includ",302
"incom",302
"import",301
"littl",301
"improv",299
"medium",288
"downsid",287
"well",287
"project",286
"invest",285
"gain",282
"anticip",281
"might",278
"still",276
"reflect",273
"interest",271
"point",271
"base",270
"adjust",268
"foreign",265
"concern",262
"yield",261
"number",260
"addit",258
"path",251
"part",249
"product",245
"new",243
"possibl",242
"mani",241
"somewhat",239
"forecast",238
"sinc",238
"earlier",236
"lower",235
"move",234
"credit",228
"stanc",225
"factor",224
"loan",224
"district",222
"potenti",221
"pressur",217
"progress",213
"mortgag",210
"net",210
"oil",210
"express",209
"regard",207
"staff",207
"demand",206
"although",205
"vote",205
"next",204
"current",203
"past",202
"toward",201
"normal",199
"domest",198
"maintain",198
"posit",194
"close",193
"slow",191
"end",190
"coupl",188
"pce",187
"saw",186
"treasuri",186
"bond",183
"evid",183
"household",183
"implic",177
"job",174
"compens",173
"dollar",173
"warrant",173
"sale",172
"manufactur",171
"read",171
"strong",167
"appreci",166
"averag",164
"commun",164
"core",163
"maximum",162
"gdp",158
"weak",158
"rose",156
"index",155
"back",154
"high",154
"support",154
"tighten",154
"expand",153
"estim",152
"spread",152
"take",152
"futur",151
"one",148
"agenc",147
"light",147
"respond",146
"follow",144
"releas",144
"abroad",143
"reduc",142
"seen",142
"forc",141
"larg",139
"corpor",135
"equiti",135
"trend",135
"provid",133
"earli",132
"help",132
"remov",132
"govern",129
"rais",129
"direct",128
"hous",128
"monitor",128
"capit",127
"construct",127
"edg",127
"stabil",127
"substanti",126
"unit",126
"emphas",125
"hold",125
"solid",125
"asset",124
"payrol",124
"unchang",124
"comment",123
"investor",123
"persist",121
"avail",120
"step",120
"cite",118
"higher",118
"debt",117
"export",117
"wage",117
"around",115
"contact",114
"issuanc",113
"industri",112
"matur",111
"moreov",111
"nomin",110
"overal",109
"associ",108
"good",108
"home",108
"modest",108
"nonfinanci",107
"depend",106
"need",106
"non",106
"elev",105
"transitori",105
"whether",105
"volatil",104
"histor",103
"standard",102
"observ",101
"account",100
"advers",100
"pickup",100
"state",100
"util",98
"commerci",97
"affect",96
"decreas",96
"pick",96
"oper",95
"aggreg",94
"believ",94
"expans",94
"held",94
"purchas",94
"valu",94
"impli",93
"pose",93
"come",92
"currenc",92
"previou",92
"decid",91
"leav",91
"sentiment",91
"signific",91
"slightli",91
"underli",91
"worker",91
"consider",90
"decis",90
"slack",90
"basi",89
"result",89
"contribut",88
"long",88
"particularli",88
"reason",88
"though",88
"drill",87
"eas",87
"evolv",87
"median",87
"open",87
"roughli",87
"exchang",86
"brexit",85
"china",85
"wait",85
"lend",84
"fix",83
"previous",83
"neutral",80
"show",80
"broader",79
"central",79
"exist",79
"grade",79
"shock",79
"transact",79
"fall",78
"stabl",78
"statement",78
"european",77
"soft",77
"actual",76
"diminish",76
"output",76
"residenti",76
"structur",76
"two",76
"author",75
"slowdown",75
"slower",75
"weigh",75
"approach",74
"goal",74
"quit",74
"see",74
"total",74
"anoth",73
"ongo",73
"outcom",73
"revis",73
"servic",73
"financ",72
"fiscal",72
"forward",72
"sharp",72
"determin",71
"framework",71
"restrain",71
"thought",71
"appar",70
"broadli",70
"limit",69
"prefer",69
"return",69
"sloo",69
"suppli",69
"among",68
"downward",68
"expenditur",68
"advanc",67
"dissip",67
"even",67
"sustain",67
"action",66
"along",66
"borrow",66
"broad",66
"contrast",66
"eme",66
"sizabl",66
"greater",65
"monthli",65
"respons",65
"commod",64
"countri",64
"chart",63
"major",63
"partli",63
"referendum",63
"retail",63
"accord",62
"cpi",62
"crude",62
"drop",62
"half",62
"intern",62
"order",62
"differ",61
"less",61
"notabl",60
"payment",60
"robust",60
"tilt",60
"upsid",60
"flat",59
"sign",59
"achiev",58
"confid",58
"headlin",58
"manner",58
"mix",58
"narrow",58
"necessari",58
"reinvest",58
"begin",57
"prospect",57
"public",57
"size",57
"system",57
"variou",57
"way",57
"across",56
"afe",56
"case",56
"compar",56
"extend",56
"fan",56
"fell",56
"keep",56
"likelihood",56
"prevail",56
"ratio",56
"three",56
"interpret",55
"made",55
"mine",55
"princip",55
"reduct",55
"similar",55
"york",55
"approv",54
"better",54
"boost",54
"circumst",54
"liquid",54
"michigan",54
"motor",54
"region",54
"subsequ",54
"vehicl",54
"bound",53
"care",53
"deterior",53
"equip",53
"lead",53
"probabl",53
"realiz",53
"subdu",53
"late",52
"specul",52
"weight",52
"allow",51
"instruct",51
"leverag",51
"otherwis",51
"privat",51
"rebound",51
"wide",51
"caution",50
"execut",50
"line",50
"nonetheless",50
"particular",50
"qualiti",50
"short",50
"situat",50
"ahead",49
"margin",49
"respect",49
"shift",49
"shortag",49
"soma",49
"start",49
"undershoot",49
"adjourn",48
"backdrop",48
"benefit",48
"conclus",48
"encompass",48
"mmf",48
"much",48
"stronger",48
"auction",47
"kingdom",47
"offset",47
"reserv",47
"roll",47
"soon",47
"board",46
"cmb",46
"desk",46
"earn",46
"exclud",46
"implement",46
"modestli",46
"rather",46
"weaker",46
"agricultur",45
"becom",45
"cost",45
"full",45
"later",45
"primari",45
"prime",45
"resourc",45
"revers",45
"emerg",44
"extent",44
"georg",44
"inventori",44
"proxim",44
"stay",44
"tight",44
"trade",44
"credibl",43
"dealer",43
"given",43
"issu",43
"led",43
"premium",43
"significantli",43
"surround",43
"upward",43
"area",42
"despit",42
"discount",42
"relat",42
"requir",42
"sheet",42
"small",42
"vulner",42
"widen",42
"consequ",41
"favor",41
"governor",41
"make",41
"receiv",41
"shortfal",41
"suffici",41
"uncertain",41
"auto",40
"contract",40
"depress",40
"food",40
"person",40
"seem",40
"singl",40
"constraint",39
"farm",39
"markedli",39
"municip",39
"upcom",39
"delay",38
"famili",38
"inflationari",38
"popul",38
"quickli",38
"quot",38
"reach",38
"drag",37
"driven",37
"explain",37
"use",37
"card",36
"now",36
"option",36
"primarili",36
"sep",36
"sharpli",36
"temporari",36
"took",36
"typic",36
"valuat",36
"almost",35
"announc",35
"consid",35
"depreci",35
"essenti",35
"influenc",35
"initi",35
"nonfarm",35
"skew",35
"sluggish",35
"strength",35
"weaken",35
"week",35
"cautiou",34
"hike",34
"local",34
"nonresidenti",34
"prudent",34
"rapid",34
"resili",34
"stock",34
"swap",34
"tighter",34
"work",34
"accumul",33
"canada",33
"hire",33
"mester",33
"overnight",33
"regulatori",33
"steadi",33
"consumpt",32
"encourag",32
"four",32
"mid",32
"nondefens",32
"proceed",32
"reform",32
"skill",32
"difficult",31
"dissent",31
"facil",31
"key",31
"offer",31
"profit",31
"properti",31
"set",31
"steadili",31
"stress",31
"bit",30
"estat",30
"exit",30
"gross",30
"japan",30
"last",30
"manag",30
"multifamili",30
"outsid",30
"policymak",30
"postpon",30
"reportedli",30
"subcommitte",30
"underutil",30
"wealth",30
"without",30
"default",29
"materi",29
"membership",29
"nation",29
"occur",29
"plan",29
"promot",29
"propos",29
"recoveri",29
"stem",29
"zero",29
"amid",28
"grow",28
"incorpor",28
"process",28
"program",28
"share",28
"statutori",28
"turbul",28
"attend",27
"benchmark",27
"caus",27
"disappoint",27
"either",27
"fallen",27
"fundament",27
"incent",27
"money",27
"per",27
"signal",27
"slowli",27
"tax",27
"union",27
"will",27
"degre",26
"environ",26
"evidenc",26
"individu",26
"magnitud",26
"mexico",26
"rapidli",26
"recess",26
"rig",26
"therebi",26
"turn",26
"upbeat",26
"whole",26
"await",25
"build",25
"conduct",25
"deviat",25
"evalu",25
"fairli",25
"immedi",25
"involuntari",25
"natur",25
"necessarili",25
"oblig",25
"permit",25
"produc",25
"select",25
"sovereign",25
"strain",25
"thu",25
"boj",24
"categori",24
"claim",24
"erod",24
"hand",24
"institut",24
"insur",24
"judgment",24
"look",24
"movement",24
"prescript",24
"scope",24
"shipment",24
"widespread",24
"withstand",24
"chines",23
"compon",23
"euro",23
"experienc",23
"pronounc",23
"riski",23
"unlik",23
"book",22
"corrobor",22
"demograph",22
"group",22
"heighten",22
"negoti",22
"repres",22
"save",22
"shall",22
"strongli",22
"address",21
"analysi",21
"beyond",21
"downgrad",21
"flow",21
"importantli",21
"middl",21
"momentum",21
"neg",21
"puerto",21
"regul",21
"rico",21
"sentenc",21
"steepen",21
"summari",21
"taken",21
"trajectori",21
"weather",21
"attribut",20
"character",20
"closer",20
"deficit",20
"expansionari",20
"factori",20
"flexibl",20
"fraction",20
"furthermor",20
"intellectu",20
"lot",20
"pass",20
"risen",20
"rrp",20
"shorten",20
"age",19
"american",19
"anecdot",19
"call",19
"cut",19
"date",19
"deposit",19
"downshift",19
"due",19
"elig",19
"episod",19
"especi",19
"face",19
"fill",19
"fulli",19
"necessit",19
"neither",19
"paragraph",19
"acknowledg",18
"african",18
"alreadi",18
"disinflationari",18
"durat",18
"final",18
"hard",18
"hispan",18
"hour",18
"instead",18
"modal",18
"outlay",18
"percentag",18
"protect",18
"put",18
"reaction",18
"score",18
"spur",18
"strategi",18
"subprim",18
"white",18
"agreement",17
"capac",17
"cautious",17
"curv",17
"delinqu",17
"deriv",17
"disrupt",17
"far",17
"retrac",17
"schedul",17
"sensit",17
"tend",17
"undermin",17
"unduli",17
"unseason",17
"uptick",17
"vari",17
"volum",17
"warm",17
"welcom",17
"assembl",16
"clear",16
"crop",16
"equilibrium",16
"europ",16
"exampl",16
"exceed",16
"excess",16
"intend",16
"japanes",16
"just",16
"left",16
"nevertheless",16
"outpac",16
"perman",16
"polit",16
"prompt",16
"refinanc",16
"resum",16
"rule",16
"season",16
"togeth",16
"underscor",16
"understand",16
"within",16
"aircraft",15
"albeit",15
"alter",15
"anchor",15
"arrang",15
"automak",15
"buildup",15
"bureau",15
"context",15
"cours",15
"defens",15
"dispos",15
"elicit",15
"employe",15
"enough",15
"experi",15
"faster",15
"foster",15
"hourli",15
"imbal",15
"intensifi",15
"languag",15
"macroeconom",15
"mean",15
"mostli",15
"notic",15
"occup",15
"perform",15
"reced",15
"refer",15
"resumpt",15
"rosengren",15
"unanim",15
"univers",15
"unwant",15
"workforc",15
"worth",15
"absenc",14
"analyst",14
"annual",14
"british",14
"confirm",14
"consensu",14
"control",14
"except",14
"horizon",14
"illustr",14
"mention",14
"optim",14
"outstand",14
"push",14
"remark",14
"soften",14
"tool",14
"type",14
"abil",13
"acceler",13
"accordingli",13
"altern",13
"bear",13
"behavior",13
"brisk",13
"buoy",13
"cap",13
"chair",13
"chairman",13
"challeng",13
"complianc",13
"creat",13
"difficulti",13
"elect",13
"event",13
"gasolin",13
"give",13
"highli",13
"instanc",13
"mandat",13
"midyear",13
"mse",13
"offic",13
"origin",13
"overli",13
"overshoot",13
"present",13
"question",13
"spillov",13
"steep",13
"undertaken",13
"unusu",13
"upgrad",13
"aftermath",12
"align",12
"assign",12
"clearli",12
"crisi",12
"differenti",12
"dual",12
"element",12
"haven",12
"inconsist",12
"latest",12
"opinion",12
"percept",12
"post",12
"postmeet",12
"pound",12
"reiter",12
"safe",12
"senior",12
"subsid",12
"surprisingli",12
"unabl",12
"unfold",12
"wider",12
"yen",12
"yet",12
"aspect",11
"attent",11
"becam",11
"begun",11
"compani",11
"design",11
"diverg",11
"document",11
"draw",11
"educ",11
"eman",11
"equal",11
"larger",11
"meanwhil",11
"mexican",11
"mitig",11
"pattern",11
"place",11
"practic",11
"prepar",11
"reinforc",11
"relev",11
"repurchas",11
"resolut",11
"room",11
"seri",11
"shorter",11
"side",11
"student",11
"tick",11
"advoc",10
"argu",10
"assumpt",10
"bankruptci",10
"certain",10
"collect",10
"commit",10
"consecut",10
"correl",10
"cumul",10
"downbeat",10
"downturn",10
"embed",10
"engag",10
"enhanc",10
"entail",10
"entrant",10
"eventu",10
"fade",10
"find",10
"flatten",10
"gaug",10
"headwind",10
"highlight",10
"hinder",10
"identifi",10
"impart",10
"introduc",10
"misalloc",10
"mispric",10
"nearli",10
"overvalu",10
"peak",10
"preced",10
"presid",10
"prior",10
"problem",10
"prove",10
"sens",10
"shown",10
"shrink",10
"subtract",10
"train",10
"trim",10
"unclear",10
"undertak",10
"usual",10
"vix",10
"wake",10
"advantag",9
"avoid",9
"bottom",9
"buildabl",9
"choic",9
"conclud",9
"damp",9
"deadlin",9
"deceler",9
"diffus",9
"ecb",9
"england",9
"enterpris",9
"extract",9
"minut",9
"norm",9
"optimist",9
"overh",9
"partial",9
"react",9
"recogn",9
"record",9
"resolv",9
"review",9
"said",9
"sideway",9
"smaller",9
"softer",9
"sponsor",9
"stimulu",9
"summar",9
"temporarili",9
"transform",9
"underst",9
"variabl",9
"allevi",8
"ask",8
"assum",8
"calendar",8
"can",8
"combin",8
"conjunct",8
"connect",8
"counterbalanc",8
"counterparti",8
"decad",8
"dispers",8
"display",8
"exert",8
"extern",8
"flatter",8
"frequent",8
"gse",8
"investig",8
"italian",8
"loss",8
"mainli",8
"mutual",8
"owe",8
"preliminari",8
"qualifi",8
"reassur",8
"recommend",8
"reluct",8
"renew",8
"renminbi",8
"role",8
"simpl",8
"straightforward",8
"surg",8
"upon",8
"varieti",8
"aggress",7
"amend",7
"america",7
"ampl",7
"appetit",7
"argument",7
"attach",7
"band",7
"best",7
"bounceback",7
"certif",7
"chanc",7
"complex",7
"composit",7
"contend",7
"deliber",7
"depict",7
"disadvantag",7
"discret",7
"dynam",7
"error",7
"exce",7
"extens",7
"failur",7
"finish",7
"floor",7
"focus",7
"graphic",7
"guidanc",7
"heavi",7
"highest",7
"inde",7
"insight",7
"intervent",7
"lengthen",7
"lesser",7
"lowest",7
"misread",7
"modifi",7
"offici",7
"paper",7
"passag",7
"profession",7
"purpos",7
"ratifi",7
"readili",7
"recalibr",7
"represent",7
"riskier",7
"slight",7
"visual",7
"abat",6
"amplifi",6
"analyz",6
"applic",6
"began",6
"brief",6
"buoyant",6
"calibr",6
"clarifi",6
"climb",6
"coal",6
"compel",6
"confus",6
"constitut",6
"contributor",6
"convent",6
"convey",6
"convinc",6
"custom",6
"decisionmak",6
"dimens",6
"dip",6
"dispar",6
"disproportion",6
"endow",6
"envis",6
"ethnic",6
"eurodollar",6
"examin",6
"function",6
"health",6
"holiday",6
"ill",6
"impend",6
"imprint",6
"induc",6
"instrument",6
"issuer",6
"itali",6
"jgb",6
"jobless",6
"lacklust",6
"largest",6
"learn",6
"medic",6
"minor",6
"modern",6
"mute",6
"nonbank",6
"outperform",6
"payout",6
"pension",6
"pertain",6
"peso",6
"portfolio",6
"portion",6
"prevent",6
"prolong",6
"protract",6
"quick",6
"racial",6
"readi",6
"rebuild",6
"regim",6
"regist",6
"rent",6
"repay",6
"restructur",6
"rre",6
"scenario",6
"shape",6
"smooth",6
"sourc",6
"thereaft",6
"tip",6
"turkey",6
"underperform",6
"undu",6
"wildfir",6
"willing",6
"world",6
"worthwhil",6
"aberr",5
"accru",5
"aerospac",5
"ago",5
"alert",5
"asian",5
"attain",5
"bring",5
"brought",5
"builder",5
"charg",5
"combat",5
"comfort",5
"complic",5
"concur",5
"consult",5
"contractionari",5
"converg",5
"convers",5
"convert",5
"creation",5
"cutback",5
"cycl",5
"defer",5
"defin",5
"deleteri",5
"describ",5
"diminut",5
"directli",5
"distinguish",5
"distort",5
"easier",5
"elimin",5
"emb",5
"endur",5
"equival",5
"exhibit",5
"explor",5
"exposur",5
"fail",5
"fewer",5
"firmer",5
"five",5
"fleet",5
"focu",5
"format",5
"fragil",5
"gather",5
"geograph",5
"hasten",5
"heard",5
"illiquid",5
"imprud",5
"increasingli",5
"indirect",5
"indirectli",5
"jump",5
"know",5
"lag",5
"layoff",5
"lessen",5
"lock",5
"machineri",5
"male",5
"mark",5
"matter",5
"misunderstood",5
"model",5
"nonperform",5
"often",5
"orderli",5
"outsiz",5
"overtim",5
"overweight",5
"patient",5
"perspect",5
"polic",5
"pool",5
"postur",5
"pre",5
"prematur",5
"preserv",5
"preval",5
"proce",5
"properli",5
"pull",5
"pursuant",5
"quantit",5
"reconcil",5
"relationship",5
"relay",5
"reliabl",5
"repo",5
"retain",5
"retir",5
"retreat",5
"revenu",5
"right",5
"satisfi",5
"shadow",5
"sharper",5
"slippag",5
"solidli",5
"sooner",5
"spell",5
"spike",5
"spring",5
"steel",5
"strike",5
"subject",5
"succeed",5
"technolog",5
"telecommun",5
"therefor",5
"thin",5
"tie",5
"tone",5
"tripl",5
"turmoil",5
"unanticip",5
"undesir",5
"unresolv",5
"unwind",5
"updat",5
"variat",5
"vice",5
"wane",5
"abruptli",4
"absent",4
"administr",4
"advis",4
"amount",4
"asymmetr",4
"asymmetri",4
"automot",4
"bout",4
"brazil",4
"briskli",4
"civilian",4
"dim",4
"downtrend",4
"ensur",4
"exempt",4
"facilit",4
"form",4
"garner",4
"impress",4
"instabl",4
"introduct",4
"latin",4
"least",4
"link",4
"macroprudenti",4
"met",4
"miss",4
"nois",4
"notwithstand",4
"odd",4
"outflow",4
"overreact",4
"portend",4
"preset",4
"procedur",4
"provis",4
"reciproc",4
"recov",4
"recur",4
"remind",4
"request",4
"section",4
"secular",4
"shallow",4
"similarli",4
"slip",4
"stand",4
"statist",4
"think",4
"trigger",4
"turnaround",4
"unrevis",4
"unsecur",4
"urgenc",4
"worri",4
"act",3
"adequ",3
"administ",3
"afterward",3
"attempt",3
"basket",3
"blue",3
"bullard",3
"buyout",3
"chip",3
"confer",3
"congress",3
"counterpart",3
"coup",3
"creditor",3
"deepli",3
"disloc",3
"distribut",3
"drove",3
"earmark",3
"enact",3
"exclus",3
"fear",3
"featur",3
"germani",3
"gilt",3
"histori",3
"illinoi",3
"inch",3
"integr",3
"intensif",3
"interbank",3
"intermedi",3
"kept",3
"land",3
"lift",3
"locat",3
"london",3
"metric",3
"minimum",3
"minist",3
"mismatch",3
"newli",3
"news",3
"nonrevolv",3
"opec",3
"press",3
"promptli",3
"pullback",3
"ralli",3
"recapit",3
"referenc",3
"referr",3
"refin",3
"relax",3
"republ",3
"resign",3
"revolv",3
"riskiest",3
"rubl",3
"russian",3
"serv",3
"south",3
"stigma",3
"success",3
"summer",3
"symmetr",3
"syndic",3
"ten",3
"territori",3
"test",3
"unless",3
"unsuccess",3
"upper",3
"wareh",3
"withdraw",3
"access",2
"adopt",2
"agent",2
"aris",2
"asia",2
"behalf",2
"billion",2
"bounc",2
"breach",2
"buy",2
"carri",2
"censu",2
"clearanc",2
"complet",2
"comprehens",2
"coordin",2
"dividend",2
"drift",2
"effici",2
"enabl",2
"enter",2
"extraordinarili",2
"feder",2
"fluctuat",2
"impos",2
"interv",2
"must",2
"outset",2
"packag",2
"poll",2
"predict",2
"publish",2
"reaffirm",2
"reintroduc",2
"round",2
"sell",2
"soybean",2
"spot",2
"standalon",2
"string",2
"tenor",2
"tepid",2
"transpar",2
"uncomfort",2
"unexpect",2
"unifi",2
"window",2
"abid",1
"abund",1
"accept",1
"accuraci",1
"afford",1
"alternatebi",1
"alternateer",1
"alternateesth",1
"alternatejam",1
"alternateloretta",1
"appli",1
"articl",1
"assist",1
"banker",1
"bipartisan",1
"boston",1
"breadth",1
"budget",1
"calcul",1
"came",1
"canadian",1
"cash",1
"ceil",1
"charl",1
"chicago",1
"citi",1
"clarif",1
"cleveland",1
"codifi",1
"collater",1
"commenc",1
"compat",1
"conceiv",1
"confidenti",1
"conflict",1
"conform",1
"contempl",1
"costli",1
"counsel",1
"counter",1
"dalla",1
"demonstr",1
"depart",1
"deploy",1
"deputi",1
"desir",1
"disorderli",1
"disposit",1
"dudley",1
"earthquak",1
"emphasi",1
"entiti",1
"establish",1
"evan",1
"evolut",1
"expediti",1
"explicit",1
"expressli",1
"feasibl",1
"fee",1
"fischer",1
"forth",1
"gap",1
"guarante",1
"guid",1
"guidelin",1
"handl",1
"harker",1
"heat",1
"imf",1
"ineffect",1
"infrequ",1
"inspector",1
"intent",1
"intraday",1
"involv",1
"item",1
"kansa",1
"kaplan",1
"kashkari",1
"logan",1
"longev",1
"lori",1
"loui",1
"macaulay",1
"merit",1
"michael",1
"minneapoli",1
"neel",1
"nonsubstant",1
"north",1
"organiz",1
"outright",1
"outweigh",1
"paid",1
"patrick",1
"perceiv",1
"phase",1
"philadelphia",1
"pleasur",1
"potter",1
"primaci",1
"regardless",1
"regular",1
"regularli",1
"reli",1
"resal",1
"research",1
"robert",1
"satisfactori",1
"scale",1
"secretari",1
"simon",1
"specif",1
"specifi",1
"strine",1
"stringent",1
"studi",1
"subparagraph",1
"successor",1
"supervisori",1
"supplement",1
"suspend",1
"swiss",1
"symmetri",1
"tailor",1
"technic",1
"tendenc",1
"terminolog",1
"thereof",1
"thereto",1
"threat",1
"threaten",1
"threshold",1
"transmiss",1
"ultim",1
"understood",1
"untest",1
"usag",1
"vest",1
"voluntari",1
"warn",1
"weekend",1
"whenev",1
"whose",1
"william",1
"winter",1
