"","Topic 1","Topic 2","Topic 3","Topic 4","Topic 5","Topic 6","Topic 7","Topic 8","Topic 9","Topic 10","Topic 11","Topic 12","Topic 13","Topic 14","Topic 15","Topic 16","Topic 17","Topic 18","Topic 19","Topic 20"
"1","econom","communiti","monetari","rate","summer","percent","inflat","feder","sector","reserv","educ","polici","financi","labor","circumst","fiscal","women","job","econom","damag"
"2","growth","bank","aggreg","feder","time","wealth","price","reserv","financ","divers","colleg","monetari","firm","market","life","recoveri","histori","recoveri","text","particip"
"3","price","research","macroeconom","polici","tri","famili","expect","asset","contribut","feder","degre","financi","institut","slack","allow","lesson","statist","peopl","return","structur"
"4","expect","confer","firm","percent","aim","incom","core","fund","incent","thank","graduat","stabil","capit","declin","live","support","success","unemploy","polici","achiev"
"5","inflat","feder","research","fomc","giannoni","household","model","futur","societi","serv","earn","macroprudenti","system","wage","curios","crisi","contribut","economi","effect","chip"
"6","increas","board","expect","monetari","error","top","cost","averag","growth","promot","technolog","risk","bank","employ","moment","govern","janet","percent","economi","commerc"
"7","labor","reserv","studi","fund","facilit","educ","estim","forward","journal","commit","success","tool","liquid","forc","passion","advanc","public","recess","discuss","cowen"
"8","recent","understand","heterogen","inflat","institut","inequ","trend","balanc","leverag","economist","univers","price","requir","recess","stand","countri","wright","worker","reserv","current"
"9","economi","role","polici","real","mean","opportun","import","rate","econom","opportun","global","effect","supervis","particip","design","strong","continu","help","vol","duti"
"10","product","banker","suppli","market","prior","busi","movement","shortterm","rapid","individu","student","hous","risk","pressur","grit","deficit","fundament","busi","chang","emphas"
