"","Topic 1","Topic 2","Topic 3","Topic 4","Topic 5","Topic 6","Topic 7","Topic 8","Topic 9","Topic 10","Topic 11","Topic 12","Topic 13","Topic 14","Topic 15","Topic 16","Topic 17","Topic 18","Topic 19","Topic 20"
"1","rate","financi","econom","recoveri","financi","labor","bank","life","busi","percent","polici","system","return","inflat","liquid","rate","monetari","worker","educ","technolog"
"2","inflat","firm","reserv","fiscal","polici","market","communiti","collabor","loan","household","monetari","capit","text","price","market","feder","vol","employ","colleg","financi"
"3","growth","crisi","research","govern","stabil","job","feder","choos","bank","incom","economi","institut","reserv","expect","trade","polici","polici","conting","student","ledger"
"4","percent","stabil","fed","women","monetari","unemploy","reserv","curios","credit","wealth","unit","bank","feder","model","resili","fomc","aggreg","survey","recess","clear"
"5","econom","sector","help","histori","tool","recess","regul","demonstr","lend","famili","financi","requir","econom","trend","bond","fund","recess","arrang","graduat","distribut"
"6","expect","regul","divers","nation","macroprudenti","employ","board","moment","lender","top","effect","risk","effect","factor","price","monetari","firm","hour","peopl","settlement"
"7","price","manag","continu","product","risk","slack","institut","passion","onlin","inequ","demand","stress","chang","estim","treasuri","real","macroeconom","gig","job","market"
"8","polici","institut","economi","benefit","hous","recoveri","regulatori","stand","consum","opportun","global","liquid","time","core","corpor","economi","economi","inform","degre","innov"
"9","low","liquid","feder","public","limit","wage","financi","duti","altern","econom","market","asset","recent","import","asset","committe","econom","percent","invest","payment"
"10","recent","supervis","believ","support","market","worker","consum","grit","product","busi","exchang","financi","increas","longrun","volatil","object","question","tradit","school","risk"
