"","Topic 1","Topic 2","Topic 3","Topic 4","Topic 5","Topic 6","Topic 7","Topic 8"
"1","polici","financi","rate","percent","polici","labor","bank","technolog"
"2","monetari","system","inflat","household","growth","job","communiti","busi"
"3","financi","capit","feder","incom","market","market","reserv","loan"
"4","econom","institut","econom","return","recent","employ","feder","credit"
"5","effect","bank","expect","famili","economi","worker","board","consum"
"6","reserv","risk","price","educ","neutral","recess","confer","risk"
"7","vol","requir","fund","econom","percent","economi","research","onlin"
"8","discuss","liquid","return","text","demand","unemploy","fed","develop"
"9","central","firm","percent","wealth","rate","recoveri","continu","ledger"
"10","policymak","stabil","fomc","opportun","financi","wage","institut","lend"
