"","V1"
"U:/Fed Speech/R Code/speech/Yellen/yellen20140305a.txt",3
"U:/Fed Speech/R Code/speech/Yellen/yellen20140325a.txt",4
"U:/Fed Speech/R Code/speech/Yellen/yellen20140331a.txt",6
"U:/Fed Speech/R Code/speech/Yellen/yellen20140415a.txt",12
"U:/Fed Speech/R Code/speech/Yellen/yellen20140416a.txt",16
"U:/Fed Speech/R Code/speech/Yellen/yellen20140501a.txt",7
"U:/Fed Speech/R Code/speech/Yellen/yellen20140515a.txt",6
"U:/Fed Speech/R Code/speech/Yellen/yellen20140521a.txt",8
"U:/Fed Speech/R Code/speech/Yellen/yellen20140702a.txt",5
"U:/Fed Speech/R Code/speech/Yellen/yellen20140822a.txt",6
"U:/Fed Speech/R Code/speech/Yellen/yellen20140918a.txt",10
"U:/Fed Speech/R Code/speech/Yellen/yellen20141017a.txt",10
"U:/Fed Speech/R Code/speech/Yellen/yellen20141030a.txt",3
"U:/Fed Speech/R Code/speech/Yellen/yellen20141107a.txt",4
"U:/Fed Speech/R Code/speech/Yellen/yellen20150303a.txt",2
"U:/Fed Speech/R Code/speech/Yellen/yellen20150327a.txt",16
"U:/Fed Speech/R Code/speech/Yellen/yellen20150402a.txt",3
"U:/Fed Speech/R Code/speech/Yellen/yellen20150506a.txt",2
"U:/Fed Speech/R Code/speech/Yellen/yellen20150522a.txt",1
"U:/Fed Speech/R Code/speech/Yellen/yellen20150710a.txt",1
"U:/Fed Speech/R Code/speech/Yellen/yellen20150924a.txt",14
"U:/Fed Speech/R Code/speech/Yellen/yellen20150930a.txt",7
"U:/Fed Speech/R Code/speech/Yellen/yellen20151020a.txt",4
"U:/Fed Speech/R Code/speech/Yellen/yellen20151112a.txt",11
"U:/Fed Speech/R Code/speech/Yellen/yellen20151202a.txt",1
"U:/Fed Speech/R Code/speech/Yellen/yellen20160329a.txt",1
"U:/Fed Speech/R Code/speech/Yellen/yellen20160606a.txt",1
"U:/Fed Speech/R Code/speech/Yellen/yellen20160826a.txt",16
"U:/Fed Speech/R Code/speech/Yellen/yellen20160929a.txt",3
"U:/Fed Speech/R Code/speech/Yellen/yellen20161014a.txt",17
"U:/Fed Speech/R Code/speech/Yellen/yellen20161219a.txt",19
"U:/Fed Speech/R Code/speech/Brainard/brainard20141202a.txt",7
"U:/Fed Speech/R Code/speech/Brainard/brainard20141203a.txt",5
"U:/Fed Speech/R Code/speech/Brainard/brainard20150402a.txt",19
"U:/Fed Speech/R Code/speech/Brainard/brainard20150602a.txt",1
"U:/Fed Speech/R Code/speech/Brainard/brainard20150701a.txt",15
"U:/Fed Speech/R Code/speech/Brainard/brainard20150709a.txt",12
"U:/Fed Speech/R Code/speech/Brainard/brainard20150930a.txt",9
"U:/Fed Speech/R Code/speech/Brainard/brainard20151012a.txt",1
"U:/Fed Speech/R Code/speech/Brainard/brainard20151019a.txt",7
"U:/Fed Speech/R Code/speech/Brainard/brainard20151106a.txt",11
"U:/Fed Speech/R Code/speech/Brainard/brainard20151201a.txt",1
"U:/Fed Speech/R Code/speech/Brainard/brainard20160226a.txt",1
"U:/Fed Speech/R Code/speech/Brainard/brainard20160307a.txt",1
"U:/Fed Speech/R Code/speech/Brainard/brainard20160414a.txt",20
"U:/Fed Speech/R Code/speech/Brainard/brainard20160603a.txt",1
"U:/Fed Speech/R Code/speech/Brainard/brainard20160912a.txt",1
"U:/Fed Speech/R Code/speech/Brainard/brainard20161007a.txt",20
"U:/Fed Speech/R Code/speech/Brainard/brainard20161117a.txt",18
"U:/Fed Speech/R Code/speech/Brainard/brainard20161202a.txt",20
