"","Topic 1","Topic 2","Topic 3","Topic 4","Topic 5","Topic 6","Topic 7","Topic 8"
"1","financi","rate","growth","busi","reserv","polici","educ","financi"
"2","bank","inflat","percent","technolog","bank","monetari","worker","bank"
"3","market","econom","rate","bank","feder","economi","colleg","institut"
"4","firm","price","spend","loan","polici","return","econom","system"
"5","expect","market","product","credit","fed","effect","percent","capit"
"6","fund","percent","real","consum","monetari","text","student","risk"
"7","crisi","expect","increas","communiti","board","rate","job","requir"
"8","support","feder","consum","financi","econom","feder","school","liquid"
"9","institut","labor","gdp","develop","“","financi","return","firm"
"10","govern","fomc","invest","share","central","econom","famili","stabil"
