"","V1"
"U:/Fed Speech/R Code/speech/Brainard/brainard20141202a.txt",16
"U:/Fed Speech/R Code/speech/Brainard/brainard20141203a.txt",13
"U:/Fed Speech/R Code/speech/Brainard/brainard20150402a.txt",17
"U:/Fed Speech/R Code/speech/Brainard/brainard20150602a.txt",9
"U:/Fed Speech/R Code/speech/Brainard/brainard20150701a.txt",10
"U:/Fed Speech/R Code/speech/Brainard/brainard20150709a.txt",8
"U:/Fed Speech/R Code/speech/Brainard/brainard20150930a.txt",4
"U:/Fed Speech/R Code/speech/Brainard/brainard20151012a.txt",9
"U:/Fed Speech/R Code/speech/Brainard/brainard20151019a.txt",16
"U:/Fed Speech/R Code/speech/Brainard/brainard20151106a.txt",15
"U:/Fed Speech/R Code/speech/Brainard/brainard20151201a.txt",9
"U:/Fed Speech/R Code/speech/Brainard/brainard20160226a.txt",9
"U:/Fed Speech/R Code/speech/Brainard/brainard20160307a.txt",9
"U:/Fed Speech/R Code/speech/Brainard/brainard20160414a.txt",20
"U:/Fed Speech/R Code/speech/Brainard/brainard20160603a.txt",9
"U:/Fed Speech/R Code/speech/Brainard/brainard20160912a.txt",9
"U:/Fed Speech/R Code/speech/Brainard/brainard20161007a.txt",20
"U:/Fed Speech/R Code/speech/Brainard/brainard20161117a.txt",11
"U:/Fed Speech/R Code/speech/Brainard/brainard20161202a.txt",6
